Year,Competition,Club,1 - 15,16 - 30,31 - 45,45+,46 - 60,61 - 75,76 - 90,90+,Extra time,Total,Player,Share
22,Premier League,Manchester United,2,0,6,1,2,5,2,0,0,18,Cristiano Ronaldo,0.0
22,Champions League,Manchester United,1,0,0,1,0,0,2,2,0,6,Cristiano Ronaldo,0.0
21,Serie A,Juventus FC,4,3,7,1,3,2,8,1,0,29,Cristiano Ronaldo,0.0654
21,Italy Cup,Juventus FC,0,1,1,0,0,0,0,0,0,2,Cristiano Ronaldo,0.0654
21,Supercoppa Italiana,Juventus FC,0,0,0,0,0,1,0,0,0,1,Cristiano Ronaldo,0.0654
21,Champions League,Juventus FC,1,0,1,0,2,0,0,0,0,4,Cristiano Ronaldo,0.0654
19,Serie A,Juventus FC,1,2,2,0,2,8,6,0,0,21,Cristiano Ronaldo,0.169
19,Champions League,Juventus FC,0,2,1,0,1,1,1,0,0,6,Cristiano Ronaldo,0.169
19,Supercoppa Italiana,Juventus FC,0,0,0,0,0,1,0,0,0,1,Cristiano Ronaldo,0.169
18,LaLiga,Real Madrid,2,3,6,1,2,3,8,1,0,26,Cristiano Ronaldo,0.1653
18,Champions League,Real Madrid,3,0,2,0,5,1,3,1,0,15,Cristiano Ronaldo,0.1653
18,Club World Cup,Real Madrid,0,0,0,0,2,0,0,0,0,2,Cristiano Ronaldo,0.1653
18,Supercopa,Real Madrid,0,0,0,0,0,0,1,0,0,1,Cristiano Ronaldo,0.1653
17,Champions League,Real Madrid,1,2,0,0,1,2,4,0,2,12,Cristiano Ronaldo,0.3359
17,LaLiga,Real Madrid,4,7,3,0,2,3,6,0,0,25,Cristiano Ronaldo,0.3359
17,Copa del Rey,Real Madrid,0,0,0,0,0,1,0,0,0,1,Cristiano Ronaldo,0.3359
17,Club World Cup,Real Madrid,0,0,0,0,1,0,0,1,2,4,Cristiano Ronaldo,0.3359
16,LaLiga,Real Madrid,7,8,5,0,4,4,6,1,0,35,Cristiano Ronaldo,0.4785
16,Champions League,Real Madrid,0,4,1,0,5,3,3,0,0,16,Cristiano Ronaldo,0.4785
15,LaLiga,Real Madrid,5,5,13,0,4,6,13,2,0,48,Cristiano Ronaldo,0.2821
15,Champions League,Real Madrid,0,7,3,0,0,0,0,0,0,10,Cristiano Ronaldo,0.2821
15,Copa del Rey,Real Madrid,0,0,0,0,1,0,0,0,0,1,Cristiano Ronaldo,0.2821
15,UEFA Super Cup,Real Madrid,0,1,0,0,1,0,0,0,0,2,Cristiano Ronaldo,0.2821
14,Champions League,Real Madrid,1,3,1,0,4,4,3,0,1,17,Cristiano Ronaldo,0.3766
14,LaLiga,Real Madrid,8,2,4,0,6,2,6,3,0,31,Cristiano Ronaldo,0.3766
14,Copa del Rey,Real Madrid,2,1,0,0,0,0,0,0,0,3,Cristiano Ronaldo,0.3766
13,Copa del Rey,Real Madrid,3,1,0,0,1,0,2,0,0,7,Cristiano Ronaldo,0.2799
13,LaLiga,Real Madrid,1,8,6,0,4,13,2,0,0,34,Cristiano Ronaldo,0.2799
13,Champions League,Real Madrid,3,1,3,0,0,1,3,1,0,12,Cristiano Ronaldo,0.2799
13,Supercopa,Real Madrid,0,1,0,0,1,0,0,0,0,2,Cristiano Ronaldo,0.2799
12,LaLiga,Real Madrid,2,9,6,0,12,9,8,0,0,46,Cristiano Ronaldo,0.2368
12,Champions League,Real Madrid,2,4,0,0,1,2,0,1,0,10,Cristiano Ronaldo,0.2368
12,Copa del Rey,Real Madrid,1,0,0,0,0,2,0,0,0,3,Cristiano Ronaldo,0.2368
12,Supercopa,Real Madrid,0,1,0,0,0,0,0,0,0,1,Cristiano Ronaldo,0.2368
11,LaLiga,Real Madrid,5,7,4,0,6,6,10,2,0,40,Cristiano Ronaldo,0.216
11,Copa del Rey,Real Madrid,0,1,1,0,1,2,1,0,1,7,Cristiano Ronaldo,0.216
11,Champions League,Real Madrid,1,0,0,0,2,1,2,0,0,6,Cristiano Ronaldo,0.216
10,LaLiga,Real Madrid,3,7,4,0,3,4,5,0,0,26,Cristiano Ronaldo,0.0392
10,Champions League,Real Madrid,2,1,0,0,1,1,2,0,0,7,Cristiano Ronaldo,0.0392
9,Premier League,Manchester United,4,3,2,0,3,4,2,0,0,18,Cristiano Ronaldo,0.1618
9,Champions League,Manchester United,2,0,0,0,1,1,0,0,0,4,Cristiano Ronaldo,0.1618
9,FA Cup,Manchester United,0,0,0,0,0,1,0,0,0,1,Cristiano Ronaldo,0.1618
9,EFL Cup,Manchester United,0,1,0,0,0,0,1,0,0,2,Cristiano Ronaldo,0.1618
9,Club World Cup,Manchester United,0,0,0,1,0,0,0,0,0,1,Cristiano Ronaldo,0.1618
8,Champions League,Manchester United,0,1,3,0,0,2,1,1,0,8,Cristiano Ronaldo,0.3097
8,Premier League,Manchester United,7,4,5,0,6,1,7,1,0,31,Cristiano Ronaldo,0.3097
8,FA Cup,Manchester United,0,0,0,0,0,1,2,0,0,3,Cristiano Ronaldo,0.3097
23,MLS,Inter Miami CF,0,0,0,0,0,0,1,0,0,1,Lionel Messi,0.3139
23,Leagues Cup,Inter Miami CF,3,3,0,0,0,1,2,1,0,10,Lionel Messi,0.3139
23,Ligue 1,Paris Saint-Germain,2,4,1,0,3,2,3,1,0,16,Lionel Messi,0.3139
23,Champions League,Paris Saint-Germain,0,2,2,0,0,0,0,0,0,4,Lionel Messi,0.3139
23,Trophée des Champions,Paris Saint-Germain,0,1,0,0,0,0,0,0,0,1,Lionel Messi,0.3139
21,LaLiga,FC Barcelona,2,4,6,2,4,7,5,0,0,30,Lionel Messi,0.2254
21,Copa del Rey,FC Barcelona,0,0,0,0,0,3,0,0,0,3,Lionel Messi,0.2254
21,Champions League,FC Barcelona,1,2,1,0,0,0,0,1,0,5,Lionel Messi,0.2254
19,Copa del Rey,FC Barcelona,0,0,0,0,1,1,0,1,0,3,Lionel Messi,0.2436
19,LaLiga,FC Barcelona,1,7,6,1,4,9,5,3,0,36,Lionel Messi,0.2436
19,Champions League,FC Barcelona,0,3,1,0,1,2,5,0,0,12,Lionel Messi,0.2436
18,LaLiga,FC Barcelona,1,8,6,0,3,6,10,0,0,34,Lionel Messi,0.0972
18,Copa del Rey,FC Barcelona,2,1,1,0,0,0,0,0,0,4,Lionel Messi,0.0972
18,Champions League,FC Barcelona,1,0,1,0,0,4,0,0,0,6,Lionel Messi,0.0972
18,Supercopa,FC Barcelona,0,0,0,0,0,0,1,0,0,1,Lionel Messi,0.0972
17,Copa del Rey,FC Barcelona,0,1,1,0,2,0,1,0,0,5,Lionel Messi,0.2379
17,LaLiga,FC Barcelona,4,4,8,0,8,4,5,4,0,37,Lionel Messi,0.2379
17,Champions League,FC Barcelona,1,5,0,0,3,2,0,0,0,11,Lionel Messi,0.2379
17,Supercopa,FC Barcelona,0,0,0,0,1,0,0,0,0,1,Lionel Messi,0.2379
16,LaLiga,FC Barcelona,5,4,6,0,3,4,3,1,0,26,Lionel Messi,0.203
16,Champions League,FC Barcelona,0,2,0,0,1,1,2,0,0,6,Lionel Messi,0.203
16,Copa del Rey,FC Barcelona,1,1,1,0,1,1,0,0,0,5,Lionel Messi,0.203
16,Club World Cup,FC Barcelona,0,0,1,0,0,0,0,0,0,1,Lionel Messi,0.203
16,Supercopa,FC Barcelona,0,0,1,0,0,0,0,0,0,1,Lionel Messi,0.203
16,UEFA Super Cup,FC Barcelona,1,1,0,0,0,0,0,0,0,2,Lionel Messi,0.203
15,Copa del Rey,FC Barcelona,0,1,2,0,0,1,1,0,0,5,Lionel Messi,0.4113
15,LaLiga,FC Barcelona,5,2,6,1,9,10,9,1,0,43,Lionel Messi,0.4113
15,Champions League,FC Barcelona,1,2,2,0,1,0,4,0,0,10,Lionel Messi,0.4113
14,LaLiga,FC Barcelona,4,5,7,0,2,5,5,0,0,28,Lionel Messi,0.1576
14,Champions League,FC Barcelona,0,3,0,0,2,2,1,0,0,8,Lionel Messi,0.1576
14,Copa del Rey,FC Barcelona,0,1,1,0,0,1,1,1,0,5,Lionel Messi,0.1576
13,LaLiga,FC Barcelona,6,8,5,0,13,8,6,0,0,46,Lionel Messi,0.2472
13,Champions League,FC Barcelona,1,1,3,0,0,1,1,1,0,8,Lionel Messi,0.2472
13,Copa del Rey,FC Barcelona,1,1,0,0,0,1,1,0,0,4,Lionel Messi,0.2472
13,Supercopa,FC Barcelona,0,0,1,0,1,0,0,0,0,2,Lionel Messi,0.2472
12,Copa del Rey,FC Barcelona,0,1,0,0,0,1,1,0,0,3,Lionel Messi,0.416
12,LaLiga,FC Barcelona,5,10,6,0,7,10,11,1,0,50,Lionel Messi,0.416
12,Champions League,FC Barcelona,1,2,4,1,3,0,2,1,0,14,Lionel Messi,0.416
12,Club World Cup,FC Barcelona,0,1,0,0,0,0,1,0,0,2,Lionel Messi,0.416
12,UEFA Super Cup,FC Barcelona,0,0,1,0,0,0,0,0,0,1,Lionel Messi,0.416
12,Supercopa,FC Barcelona,0,0,2,0,0,0,1,0,0,3,Lionel Messi,0.416
11,Champions League,FC Barcelona,0,2,3,0,2,2,2,1,0,12,Lionel Messi,0.4788
11,LaLiga,FC Barcelona,3,5,4,0,5,4,9,1,0,31,Lionel Messi,0.4788
11,Copa del Rey,FC Barcelona,2,0,2,0,0,3,0,0,0,7,Lionel Messi,0.4788
11,Supercopa,FC Barcelona,0,1,1,0,0,0,0,1,0,3,Lionel Messi,0.4788
10,LaLiga,FC Barcelona,4,4,4,0,2,7,10,3,0,34,Lionel Messi,0.2265
10,Champions League,FC Barcelona,1,2,2,0,1,0,2,0,0,8,Lionel Messi,0.2265
10,Club World Cup,FC Barcelona,0,0,0,0,1,0,0,0,1,2,Lionel Messi,0.2265
10,Copa del Rey,FC Barcelona,0,0,0,0,0,1,0,0,0,1,Lionel Messi,0.2265
10,Supercopa,FC Barcelona,0,0,0,0,1,1,0,0,0,2,Lionel Messi,0.2265
9,Champions League,FC Barcelona,2,0,2,0,1,2,1,1,0,9,Lionel Messi,0.3285
9,Copa del Rey,FC Barcelona,1,0,0,0,2,0,3,0,0,6,Lionel Messi,0.3285
9,LaLiga,FC Barcelona,1,6,2,0,2,3,8,1,0,23,Lionel Messi,0.3285
8,LaLiga,FC Barcelona,3,1,1,0,1,1,3,0,0,10,Lionel Messi,0.1951
8,Champions League,FC Barcelona,0,1,1,0,1,1,2,0,0,6,Lionel Messi,0.1951
9,Premier League,Liverpool FC,1,2,1,0,3,3,2,2,0,14,Fernando Torres,0.0153
9,Champions League,Liverpool FC,1,1,0,0,0,0,0,0,0,2,Fernando Torres,0.0153
9,FA Cup,Liverpool FC,0,0,0,0,0,0,0,1,0,1,Fernando Torres,0.0153
8,Premier League,Liverpool FC,3,3,1,0,6,5,5,1,0,24,Fernando Torres,0.1243
8,Champions League,Liverpool FC,1,1,0,0,0,3,1,0,0,6,Fernando Torres,0.1243
8,EFL Cup,Liverpool FC,0,0,0,0,1,1,1,0,0,3,Fernando Torres,0.1243
13,Champions League,FC Barcelona,0,0,0,0,0,0,1,0,,1,Xavi,0.0081
13,LaLiga,FC Barcelona,1,1,1,0,0,0,2,0,,5,Xavi,0.0081
13,Supercopa,FC Barcelona,0,0,0,0,0,0,1,0,,1,Xavi,0.0081
12,LaLiga,FC Barcelona,3,2,1,0,2,0,2,0,,10,Xavi,0.0408
12,Copa del Rey,FC Barcelona,0,0,1,0,0,0,1,0,,2,Xavi,0.0408
12,Club World Cup,FC Barcelona,0,1,0,0,0,0,0,0,,1,Xavi,0.0408
12,Champions League,FC Barcelona,0,0,0,0,0,1,0,0,,1,Xavi,0.0408
11,Champions League,FC Barcelona,0,0,0,0,0,1,1,0,,2,Xavi,0.0923
11,LaLiga,FC Barcelona,1,1,0,0,0,1,0,0,,3,Xavi,0.0923
10,LaLiga,FC Barcelona,0,1,1,0,0,1,0,0,,3,Xavi,0.1648
10,Copa del Rey,FC Barcelona,0,0,0,0,0,2,0,0,,2,Xavi,0.1648
10,Champions League,FC Barcelona,0,0,1,0,0,0,0,0,,1,Xavi,0.1648
10,Supercopa,FC Barcelona,0,0,0,0,1,0,0,0,,1,Xavi,0.1648
9,Copa del Rey,FC Barcelona,0,0,0,0,0,1,0,0,,1,Xavi,0.1181
9,LaLiga,FC Barcelona,1,2,0,0,2,0,1,0,,6,Xavi,0.1181
9,Champions League,FC Barcelona,0,0,0,0,1,0,1,0,,2,Xavi,0.1181
9,Champions League Qu.,FC Barcelona,0,1,0,0,0,0,0,0,,1,Xavi,0.1181
8,LaLiga,FC Barcelona,2,0,0,0,0,3,2,0,,7,Xavi,0.0674
8,Champions League,FC Barcelona,1,0,0,0,0,0,0,0,,1,Xavi,0.0674
8,Copa del Rey,FC Barcelona,0,0,0,0,0,0,0,1,,1,Xavi,0.0674
9,Premier League,Arsenal FC,0,0,1,0,0,3,2,0,0,6,Andrei Arshavin,0.0035
8,Premier Liga,Zenit St. Petersburg,2,2,0,0,0,0,1,1,0,6,Andrei Arshavin,0.0444
8,UEFA Cup,Zenit St. Petersburg,0,1,1,0,0,1,1,0,0,4,Andrei Arshavin,0.0444
8,Russian Super Cup,Zenit St. Petersburg,0,0,1,0,0,0,0,0,0,1,Andrei Arshavin,0.0444
8,Russian Cup,Zenit St. Petersburg,0,0,0,0,0,1,0,0,0,1,Andrei Arshavin,0.0444
11,Champions League,FC Barcelona,0,1,1,0,1,1,0,0,,4,David Villa,0.0053
11,LaLiga,FC Barcelona,2,5,1,0,4,2,4,0,,18,David Villa,0.0053
11,Copa del Rey,FC Barcelona,1,0,0,0,0,0,0,0,,1,David Villa,0.0053
10,LaLiga,Valencia CF,2,5,4,0,6,1,1,2,,21,David Villa,0.0225
10,Europa League,Valencia CF,1,0,1,0,0,1,2,1,,6,David Villa,0.0225
10,Europa League Qualifying,Valencia CF,0,0,1,0,0,0,0,0,,1,David Villa,0.0225
9,LaLiga,Valencia CF,5,4,4,0,4,6,5,0,,28,David Villa,0.0014
9,Copa del Rey,Valencia CF,1,0,0,0,0,0,0,0,,1,David Villa,0.0014
9,UEFA Cup,Valencia CF,0,0,0,0,0,0,0,1,,1,David Villa,0.0014
9,Supercopa,Valencia CF,0,0,0,0,1,0,0,0,,1,David Villa,0.0014
8,LaLiga,Valencia CF,3,4,3,0,2,5,1,0,,18,David Villa,0.0382
8,Copa del Rey,Valencia CF,0,0,0,0,0,1,0,0,,1,David Villa,0.0382
8,Champions League,Valencia CF,1,0,0,0,0,1,0,0,,2,David Villa,0.0382
8,Champions League Qu.,Valencia CF,0,0,0,0,0,0,1,0,,1,David Villa,0.0382
9,Serie A,AC Milan,3,1,1,0,5,4,2,0,0,16,Kaká,0.0403
8,Serie A,AC Milan,2,1,3,1,5,2,1,0,0,15,Kaká,0.0215
8,Club World Cup,AC Milan,0,0,0,0,0,1,0,0,0,1,Kaká,0.0215
8,Champions League,AC Milan,0,0,0,0,0,2,0,0,0,2,Kaká,0.0215
8,UEFA Super Cup,AC Milan,0,0,0,0,0,0,1,0,0,1,Kaká,0.0215
16,Coupe de France,Paris Saint-Germain,0,0,0,0,2,3,2,0,0,7,Zlatan Ibrahimović,0.0032
16,Ligue 1,Paris Saint-Germain,4,2,7,0,9,7,8,1,0,38,Zlatan Ibrahimović,0.0032
16,Champions League,Paris Saint-Germain,0,0,2,0,1,1,1,0,0,5,Zlatan Ibrahimović,0.0032
15,Ligue 1,Paris Saint-Germain,4,1,2,0,4,4,4,0,0,19,Zlatan Ibrahimović,0.0105
15,Coupe de la Ligue,Paris Saint-Germain,0,1,1,0,0,1,0,0,0,3,Zlatan Ibrahimović,0.0105
15,Coupe de France,Paris Saint-Germain,0,1,0,0,0,0,2,1,0,4,Zlatan Ibrahimović,0.0105
15,Champions League,Paris Saint-Germain,1,0,0,0,0,0,1,0,0,2,Zlatan Ibrahimović,0.0105
15,Trophée des Champions,Paris Saint-Germain,1,1,0,0,0,0,0,0,0,2,Zlatan Ibrahimović,0.0105
14,Ligue 1,Paris Saint-Germain,5,1,6,0,4,3,6,1,0,26,Zlatan Ibrahimović,0.01
14,Champions League,Paris Saint-Germain,2,3,3,0,0,2,0,0,0,10,Zlatan Ibrahimović,0.01
14,Coupe de la Ligue,Paris Saint-Germain,1,0,0,0,0,0,1,0,0,2,Zlatan Ibrahimović,0.01
14,Coupe de France,Paris Saint-Germain,1,0,2,0,0,0,0,0,0,3,Zlatan Ibrahimović,0.01
13,Ligue 1,Paris Saint-Germain,2,6,4,0,5,7,3,3,0,30,Zlatan Ibrahimović,0.0529
13,Champions League,Paris Saint-Germain,0,1,1,0,0,0,1,0,0,3,Zlatan Ibrahimović,0.0529
13,Coupe de France,Paris Saint-Germain,0,0,1,0,0,1,0,0,0,2,Zlatan Ibrahimović,0.0529
12,Serie A,AC Milan,1,7,6,0,5,4,4,1,0,28,Zlatan Ibrahimović,0.0124
12,Champions League,AC Milan,0,2,1,0,1,0,1,0,0,5,Zlatan Ibrahimović,0.0124
12,Italy Cup,AC Milan,0,0,0,0,0,0,1,0,0,1,Zlatan Ibrahimović,0.0124
12,Supercoppa Italiana,AC Milan,0,0,0,0,0,1,0,0,0,1,Zlatan Ibrahimović,0.0124
9,Serie A,FC Internazionale,7,1,2,0,6,2,5,2,0,25,Zlatan Ibrahimović,0.0347
9,Italy Cup,FC Internazionale,0,1,0,0,0,1,0,0,1,3,Zlatan Ibrahimović,0.0347
9,Champions League,FC Internazionale,0,0,0,0,0,0,1,0,0,1,Zlatan Ibrahimović,0.0347
8,Serie A,FC Internazionale,2,4,3,0,2,2,3,1,0,17,Zlatan Ibrahimović,0.0208
8,Champions League,FC Internazionale,1,0,2,0,0,2,0,0,0,5,Zlatan Ibrahimović,0.0208
9,Premier League,Liverpool FC,1,2,5,0,1,5,0,2,,16,Steven Gerrard,0.0222
9,Champions League,Liverpool FC,0,3,1,0,1,1,0,1,,7,Steven Gerrard,0.0222
9,FA Cup,Liverpool FC,0,0,0,0,1,0,0,0,,1,Steven Gerrard,0.0222
8,Premier League,Liverpool FC,1,2,0,0,3,0,5,0,,11,Steven Gerrard,0.0194
8,Champions League,Liverpool FC,1,0,0,0,0,1,4,0,,6,Steven Gerrard,0.0194
8,FA Cup,Liverpool FC,0,0,0,0,1,2,0,0,,3,Steven Gerrard,0.0194
8,EFL Cup,Liverpool FC,0,0,0,0,0,1,0,0,,1,Steven Gerrard,0.0194
8,LaLiga,Villarreal CF,2,0,2,0,0,0,0,0,,4,Marcos Senna,0.0111
8,Copa del Rey,Villarreal CF,1,0,0,0,0,0,0,0,,1,Marcos Senna,0.0111
8,UEFA Cup,Villarreal CF,0,1,0,0,0,0,0,0,,1,Marcos Senna,0.0111
8,Premier League,Arsenal FC,3,5,3,0,5,1,5,2,0,24,Emmanuel Adebayor,0.0083
8,Champions League,Arsenal FC,0,1,0,0,0,0,1,1,0,3,Emmanuel Adebayor,0.0083
8,FA Cup,Arsenal FC,0,0,0,0,1,0,1,0,0,2,Emmanuel Adebayor,0.0083
8,EFL Cup,Arsenal FC,0,0,0,0,0,1,0,0,0,1,Emmanuel Adebayor,0.0083
12,Premier League,Manchester United,4,4,6,0,3,7,3,0,0,27,Wayne Rooney,0.0039
12,Europa League,Manchester United,0,1,0,0,0,0,1,1,0,3,Wayne Rooney,0.0039
12,FA Cup,Manchester United,1,0,1,0,0,0,0,0,0,2,Wayne Rooney,0.0039
12,Champions League,Manchester United,0,0,0,0,0,1,0,1,0,2,Wayne Rooney,0.0039
11,Champions League,Manchester United,0,1,1,0,0,1,1,0,0,4,Wayne Rooney,0.0231
11,Premier League,Manchester United,2,1,1,1,0,3,3,0,0,11,Wayne Rooney,0.0231
11,FA Cup,Manchester United,0,0,0,0,1,0,0,0,0,1,Wayne Rooney,0.0231
9,Premier League,Manchester United,2,2,1,0,1,5,1,0,0,12,Wayne Rooney,0.0243
9,Champions League,Manchester United,1,1,0,0,1,0,1,0,0,4,Wayne Rooney,0.0243
9,FA Cup,Manchester United,0,0,0,0,1,0,0,0,0,1,Wayne Rooney,0.0243
9,Club World Cup,Manchester United,0,0,0,0,0,2,1,0,0,3,Wayne Rooney,0.0243
8,Premier League,Manchester United,0,2,3,0,2,2,3,0,0,12,Wayne Rooney,0.0076
8,Champions League,Manchester United,0,1,0,0,0,2,1,0,0,4,Wayne Rooney,0.0076
8,FA Cup,Manchester United,0,1,0,0,0,0,1,0,0,2,Wayne Rooney,0.0076
19,Premier League,Manchester City,4,5,4,1,3,4,0,0,,21,Sergio Agüero,0.0043
19,Champions League,Manchester City,1,1,2,0,1,0,1,0,,6,Sergio Agüero,0.0043
19,FA Cup,Manchester City,0,0,0,0,0,0,2,0,,2,Sergio Agüero,0.0043
19,EFL Cup,Manchester City,0,1,0,0,0,0,0,0,,1,Sergio Agüero,0.0043
19,Community Shield,Manchester City,1,0,0,0,1,0,0,0,,2,Sergio Agüero,0.0043
18,EFL Cup,Manchester City,0,1,0,0,1,0,0,1,,3,Sergio Agüero,0.0024
18,Champions League,Manchester City,1,1,0,0,0,1,0,1,,4,Sergio Agüero,0.0024
18,Premier League,Manchester City,0,4,2,0,4,3,8,0,,21,Sergio Agüero,0.0024
18,FA Cup,Manchester City,0,0,0,0,2,0,0,0,,2,Sergio Agüero,0.0024
16,Premier League,Manchester City,3,3,6,0,6,2,4,0,,24,Sergio Agüero,0.0
16,Champions League,Manchester City,1,0,0,0,0,0,1,0,,2,Sergio Agüero,0.0
16,EFL Cup,Manchester City,1,0,0,0,0,0,1,0,,2,Sergio Agüero,0.0
16,FA Cup,Manchester City,0,1,0,0,0,0,0,0,,1,Sergio Agüero,0.0
15,Premier League,Manchester City,6,4,3,0,1,7,4,1,,26,Sergio Agüero,0.0083
15,Champions League,Manchester City,1,2,0,0,0,1,1,1,,6,Sergio Agüero,0.0083
12,Premier League,Manchester City,4,4,1,0,5,6,2,1,,23,Sergio Agüero,0.003
12,Europa League,Manchester City,1,0,0,0,1,0,2,0,,4,Sergio Agüero,0.003
12,FA Cup,Manchester City,0,0,0,0,0,1,0,0,,1,Sergio Agüero,0.003
12,EFL Cup,Manchester City,0,0,0,0,0,0,1,0,,1,Sergio Agüero,0.003
12,Champions League,Manchester City,0,0,0,0,0,0,0,1,,1,Sergio Agüero,0.003
11,LaLiga,Atlético de Madrid,2,0,4,0,4,4,6,0,,20,Sergio Agüero,0.0048
11,Copa del Rey,Atlético de Madrid,0,1,1,0,1,0,0,0,,3,Sergio Agüero,0.0048
11,Europa League,Atlético de Madrid,1,1,0,0,0,1,0,0,,3,Sergio Agüero,0.0048
11,UEFA Super Cup,Atlético de Madrid,0,0,0,0,0,0,1,0,,1,Sergio Agüero,0.0048
8,LaLiga,Atlético de Madrid,3,4,2,0,4,4,2,0,,19,Sergio Agüero,0.0069
8,Copa del Rey,Atlético de Madrid,0,1,0,0,1,0,0,0,,2,Sergio Agüero,0.0069
8,UEFA Cup,Atlético de Madrid,2,0,1,0,1,0,1,0,,5,Sergio Agüero,0.0069
8,UEFA-Cup Qualifikation,Atlético de Madrid,0,0,0,0,0,1,0,0,,1,Sergio Agüero,0.0069
9,Hessenliga,Kickers Offenbach II,0,4,0,0,1,1,1,0,,7,Frank Lampard,0.0035
8,Oberliga Hessen,SV Wehen Wiesbaden II,0,0,0,0,0,1,1,0,,2,Frank Lampard,0.0056
13,Bundesliga,Bayern Munich,0,3,2,0,2,1,2,0,0,10,Franck Ribéry,0.2336
13,Champions League,Bayern Munich,0,0,0,0,0,0,0,1,0,1,Franck Ribéry,0.2336
9,Bundesliga,Bayern Munich,1,2,2,0,1,2,1,0,0,9,Franck Ribéry,0.0007
9,Champions League,Bayern Munich,0,0,2,0,1,1,0,0,0,4,Franck Ribéry,0.0007
9,DFB-Pokal,Bayern Munich,0,1,0,0,0,0,0,0,0,1,Franck Ribéry,0.0007
8,Bundesliga,Bayern Munich,1,2,3,0,1,3,1,0,0,11,Franck Ribéry,0.0049
8,UEFA Cup,Bayern Munich,0,1,0,0,0,0,2,0,0,3,Franck Ribéry,0.0049
8,DFB-Pokal,Bayern Munich,0,0,0,0,1,0,0,0,1,2,Franck Ribéry,0.0049
8,Ligapokal,Bayern Munich,1,0,1,0,1,0,0,0,0,3,Franck Ribéry,0.0049
11,Premier Liga,Anzhi Makhachkala ( -2022),2,2,1,0,1,2,4,1,0,13,Samuel Eto'o,0.0134
11,Italy Cup,FC Internazionale,1,1,1,0,1,0,1,0,0,5,Samuel Eto'o,0.0134
11,Serie A,FC Internazionale,2,1,2,0,4,8,2,2,0,21,Samuel Eto'o,0.0134
11,Champions League,FC Internazionale,2,2,2,0,0,0,2,0,0,8,Samuel Eto'o,0.0134
11,Club World Cup,FC Internazionale,0,1,0,0,0,0,0,0,0,1,Samuel Eto'o,0.0134
11,Supercoppa Italiana,FC Internazionale,0,0,0,0,0,1,1,0,0,2,Samuel Eto'o,0.0134
10,Serie A,FC Internazionale,3,1,3,0,2,1,1,1,0,12,Samuel Eto'o,0.0137
10,Italy Cup,FC Internazionale,0,0,0,0,1,0,0,0,0,1,Samuel Eto'o,0.0137
10,Champions League,FC Internazionale,0,0,1,0,0,0,1,0,0,2,Samuel Eto'o,0.0137
10,Supercoppa Italiana,FC Internazionale,0,0,0,0,0,0,1,0,0,1,Samuel Eto'o,0.0137
9,LaLiga,FC Barcelona,4,9,9,1,2,1,4,0,0,30,Samuel Eto'o,0.0521
9,Champions League,FC Barcelona,2,0,1,0,1,0,0,0,0,4,Samuel Eto'o,0.0521
9,Champions League Qu.,FC Barcelona,0,1,0,0,0,0,1,0,0,2,Samuel Eto'o,0.0521
8,LaLiga,FC Barcelona,3,3,0,0,4,2,3,1,0,16,Samuel Eto'o,0.0042
8,Copa del Rey,FC Barcelona,0,0,0,0,0,0,1,0,0,1,Samuel Eto'o,0.0042
8,Champions League,FC Barcelona,0,0,0,0,1,0,0,0,0,1,Samuel Eto'o,0.0042
11,FA Cup,Arsenal FC,0,0,0,0,0,0,2,0,0,2,Cesc Fàbregas,0.0029
11,EFL Cup,Arsenal FC,0,0,0,0,0,0,1,0,0,1,Cesc Fàbregas,0.0029
11,Premier League,Arsenal FC,1,0,0,0,2,0,0,0,0,3,Cesc Fàbregas,0.0029
11,Champions League,Arsenal FC,1,0,0,0,2,0,0,0,0,3,Cesc Fàbregas,0.0029
10,Champions League,Arsenal FC,0,1,1,0,1,0,1,0,0,4,Cesc Fàbregas,0.0022
10,Premier League,Arsenal FC,1,1,3,0,3,2,3,2,0,15,Cesc Fàbregas,0.0022
9,Premier League,Arsenal FC,0,1,0,0,0,1,0,1,0,3,Cesc Fàbregas,0.009
8,Champions League,Arsenal FC,1,1,0,0,1,0,1,0,0,4,Cesc Fàbregas,0.0028
8,Premier League,Arsenal FC,0,0,1,0,1,1,4,0,0,7,Cesc Fàbregas,0.0028
8,Champions League Qu.,Arsenal FC,0,0,0,0,0,1,1,0,0,2,Cesc Fàbregas,0.0028
8,Premier League,Chelsea FC,0,1,2,0,2,0,2,0,0,7,Michael Ballack,0.0028
8,Champions League,Chelsea FC,2,0,0,0,0,0,0,0,0,2,Michael Ballack,0.0028
18,LaLiga,Real Madrid,1,0,0,0,1,0,1,1,,4,Sergio Ramos,0.0014
18,Champions League,Real Madrid,0,0,0,0,0,1,0,0,,1,Sergio Ramos,0.0014
17,LaLiga,Real Madrid,0,0,2,1,1,0,2,1,,7,Sergio Ramos,0.0252
17,Champions League,Real Madrid,0,0,0,0,1,0,0,0,,1,Sergio Ramos,0.0252
17,Copa del Rey,Real Madrid,0,0,0,0,0,0,1,0,,1,Sergio Ramos,0.0252
17,UEFA Super Cup,Real Madrid,0,0,0,0,0,0,0,1,,1,Sergio Ramos,0.0252
16,Champions League,Real Madrid,1,0,0,0,0,0,0,0,,1,Sergio Ramos,0.0
16,LaLiga,Real Madrid,0,2,0,0,0,0,0,0,,2,Sergio Ramos,0.0
14,Champions League,Real Madrid,0,2,0,0,0,0,0,1,,3,Sergio Ramos,0.0033
14,LaLiga,Real Madrid,0,0,1,0,2,1,0,0,,4,Sergio Ramos,0.0033
12,LaLiga,Real Madrid,0,1,1,0,0,1,0,0,,3,Sergio Ramos,0.0022
12,Champions League,Real Madrid,0,0,0,0,0,0,1,0,,1,Sergio Ramos,0.0022
8,LaLiga,Real Madrid,0,2,0,0,0,1,2,0,,5,Sergio Ramos,0.0021
8,Supercopa,Real Madrid,0,0,0,0,0,0,1,0,,1,Sergio Ramos,0.0021
9,Champions League,Manchester United,1,0,0,0,0,0,0,0,,1,Nemanja Vidić,0.0056
9,Premier League,Manchester United,0,0,0,1,2,0,0,1,,4,Nemanja Vidić,0.0056
9,Club World Cup,Manchester United,0,1,0,0,0,0,0,0,,1,Nemanja Vidić,0.0056
9,UEFA Super Cup,Manchester United,0,0,0,0,0,1,0,0,,1,Nemanja Vidić,0.0056
8,Premier League,Manchester United,0,0,0,0,0,0,1,0,,1,Nemanja Vidić,0.0021
12,Super League,Shanghai Shenhua Liansheng,2,1,0,0,0,2,3,0,0,8,Didier Drogba,0.026
12,Champions League,Chelsea FC,1,1,0,1,1,0,2,0,0,6,Didier Drogba,0.026
12,FA Cup,Chelsea FC,0,0,1,0,1,0,0,0,0,2,Didier Drogba,0.026
12,Premier League,Chelsea FC,0,1,1,0,0,2,0,1,0,5,Didier Drogba,0.026
10,FA Cup,Chelsea FC,1,0,0,0,1,1,0,0,0,3,Didier Drogba,0.0168
10,Premier League,Chelsea FC,3,2,7,1,3,6,5,2,0,29,Didier Drogba,0.0168
10,Champions League,Chelsea FC,0,1,0,0,0,0,2,0,0,3,Didier Drogba,0.0168
10,EFL Cup,Chelsea FC,0,0,0,0,1,0,1,0,0,2,Didier Drogba,0.0168
9,FA Cup,Chelsea FC,1,1,0,0,0,0,1,0,0,3,Didier Drogba,0.0229
9,Premier League,Chelsea FC,1,0,0,0,2,1,1,0,0,5,Didier Drogba,0.0229
9,Champions League,Chelsea FC,1,0,0,0,1,2,1,0,0,5,Didier Drogba,0.0229
9,EFL Cup,Chelsea FC,0,1,0,0,0,0,0,0,0,1,Didier Drogba,0.0229
8,Champions League,Chelsea FC,1,1,1,0,1,1,0,0,1,6,Didier Drogba,0.0021
8,Premier League,Chelsea FC,2,0,1,0,2,2,1,0,0,8,Didier Drogba,0.0021
8,EFL Cup,Chelsea FC,0,0,1,0,0,0,0,0,0,1,Didier Drogba,0.0021
8,LaLiga,Real Madrid,2,3,3,0,2,4,2,0,,16,Ruud van Nistelrooy,0.0014
8,Champions League,Real Madrid,1,0,0,0,0,3,0,0,,4,Ruud van Nistelrooy,0.0014
16,LaLiga,FC Barcelona,0,0,0,0,1,0,0,0,,1,Andrés Iniesta,0.0
15,Copa del Rey,FC Barcelona,0,1,1,0,1,0,0,0,,3,Andrés Iniesta,0.0123
14,LaLiga,FC Barcelona,1,1,1,0,0,0,0,0,,3,Andrés Iniesta,0.0067
13,LaLiga,FC Barcelona,0,0,0,0,2,0,1,0,,3,Andrés Iniesta,0.0208
13,Copa del Rey,FC Barcelona,0,0,0,0,1,1,0,0,,2,Andrés Iniesta,0.0208
13,Champions League,FC Barcelona,0,0,1,0,0,0,0,0,,1,Andrés Iniesta,0.0208
12,Champions League,FC Barcelona,1,0,1,0,1,0,0,0,,3,Andrés Iniesta,0.1091
12,LaLiga,FC Barcelona,0,0,2,0,0,0,0,0,,2,Andrés Iniesta,0.1091
12,Copa del Rey,FC Barcelona,0,1,1,0,0,0,0,0,,2,Andrés Iniesta,0.1091
12,Supercopa,FC Barcelona,1,0,0,0,0,0,0,0,,1,Andrés Iniesta,0.1091
11,LaLiga,FC Barcelona,1,2,2,0,2,0,1,0,,8,Andrés Iniesta,0.0601
11,Champions League,FC Barcelona,1,0,0,0,0,0,0,0,,1,Andrés Iniesta,0.0601
10,LaLiga,FC Barcelona,1,0,0,0,0,0,0,0,,1,Andrés Iniesta,0.1736
9,Champions League,FC Barcelona,0,0,0,0,0,0,0,1,,1,Andrés Iniesta,0.1035
9,LaLiga,FC Barcelona,2,0,0,0,0,2,0,0,,4,Andrés Iniesta,0.1035
17,Serie A,AS Roma,7,1,2,0,8,5,6,0,0,29,Edin Džeko,0.0007
17,Europa League,AS Roma,2,0,0,0,0,3,3,0,0,8,Edin Džeko,0.0007
17,Italy Cup,AS Roma,0,0,0,0,1,1,0,0,0,2,Edin Džeko,0.0007
9,Bundesliga,VfL Wolfsburg,3,2,5,0,2,6,8,0,0,26,Edin Džeko,0.0083
9,DFB-Pokal,VfL Wolfsburg,2,1,1,0,1,1,0,0,0,6,Edin Džeko,0.0083
9,UEFA Cup,VfL Wolfsburg,1,1,1,0,1,0,0,0,0,4,Edin Džeko,0.0083
9,Premier League,Manchester United,0,1,0,0,0,1,0,0,0,2,Ryan Giggs,0.0076
9,Champions League,Manchester United,0,0,0,0,0,0,1,0,0,1,Ryan Giggs,0.0076
9,EFL Cup,Manchester United,0,0,0,0,0,0,1,0,0,1,Ryan Giggs,0.0076
9,LaLiga,FC Barcelona,1,5,2,0,2,4,5,0,,19,Thierry Henry,0.0063
9,Champions League,FC Barcelona,1,2,1,0,0,1,0,0,,5,Thierry Henry,0.0063
9,Copa del Rey,FC Barcelona,0,0,1,0,0,0,0,0,,1,Thierry Henry,0.0063
9,Champions League Qu.,FC Barcelona,0,0,0,0,1,0,0,0,,1,Thierry Henry,0.0063
11,LaLiga,Atlético de Madrid,1,1,2,0,0,4,0,0,0,8,Diego Forlán,0.0143
11,Copa del Rey,Atlético de Madrid,1,0,0,0,0,0,0,0,0,1,Diego Forlán,0.0143
11,Europa League,Atlético de Madrid,1,0,0,0,0,0,0,0,0,1,Diego Forlán,0.0143
10,Europa League,Atlético de Madrid,1,0,1,0,1,0,1,0,2,6,Diego Forlán,0.0761
10,LaLiga,Atlético de Madrid,3,5,1,0,3,3,3,0,0,18,Diego Forlán,0.0761
10,Copa del Rey,Atlético de Madrid,0,1,0,0,0,2,0,0,0,3,Diego Forlán,0.0761
10,Champions League Qu.,Atlético de Madrid,0,0,0,0,0,1,0,0,0,1,Diego Forlán,0.0761
9,LaLiga,Atlético de Madrid,2,4,8,0,4,2,10,2,0,32,Diego Forlán,0.0049
9,Champions League,Atlético de Madrid,0,0,0,1,0,0,0,0,0,1,Diego Forlán,0.0049
9,Copa del Rey,Atlético de Madrid,0,0,1,0,0,0,0,0,0,1,Diego Forlán,0.0049
9,Champions League Qu.,Atlético de Madrid,0,0,0,0,1,0,0,0,0,1,Diego Forlán,0.0049
9,Ligue 1,FC Girondins Bordeaux,3,1,1,0,2,3,1,1,,12,Yoann Gourcuff,0.0042
9,Coupe de la Ligue,FC Girondins Bordeaux,0,0,1,0,0,0,0,0,,1,Yoann Gourcuff,0.0042
9,Champions League,FC Girondins Bordeaux,1,1,0,0,0,0,0,0,,2,Yoann Gourcuff,0.0042
10,Champions League,FC Internazionale,0,0,0,0,1,0,0,0,,1,Maicon,0.0057
10,Serie A,FC Internazionale,0,1,0,1,0,3,1,0,,6,Maicon,0.0057
9,Serie A,FC Internazionale,1,1,1,0,0,0,1,0,,4,Maicon,0.0028
9,Champions League,FC Internazionale,1,0,0,0,0,0,0,0,,1,Maicon,0.0028
9,Bundesliga,SV Werder Bremen,1,3,3,0,0,2,3,0,0,12,Diego Ribas da Cunha,0.0021
9,UEFA Cup,SV Werder Bremen,0,2,1,0,1,1,1,0,0,6,Diego Ribas da Cunha,0.0021
9,DFB-Pokal,SV Werder Bremen,1,0,0,0,1,0,0,0,0,2,Diego Ribas da Cunha,0.0021
9,Champions League,SV Werder Bremen,0,0,0,0,0,1,0,0,0,1,Diego Ribas da Cunha,0.0021
9,Premier League,Chelsea FC,0,1,0,0,0,0,0,0,,1,John Terry,0.0014
9,Champions League,Chelsea FC,0,0,0,0,0,1,1,0,,2,John Terry,0.0014
15,Premier League,Manchester City,1,2,0,0,2,2,3,0,,10,Yaya Touré,0.0085
15,Champions League,Manchester City,1,0,0,0,0,0,0,0,,1,Yaya Touré,0.0085
15,EFL Cup,Manchester City,0,0,0,0,1,0,0,0,,1,Yaya Touré,0.0085
14,Premier League,Manchester City,1,3,2,1,5,3,3,2,,20,Yaya Touré,0.0086
14,EFL Cup,Manchester City,0,0,1,0,1,0,1,0,,3,Yaya Touré,0.0086
14,Champions League,Manchester City,0,0,0,0,1,0,0,0,,1,Yaya Touré,0.0086
13,Premier League,Manchester City,0,1,0,0,1,2,2,0,,6,Yaya Touré,0.0099
13,FA Cup,Manchester City,1,0,0,0,0,0,0,0,,1,Yaya Touré,0.0099
13,Champions League,Manchester City,0,1,0,0,0,0,0,0,,1,Yaya Touré,0.0099
13,Community Shield,Manchester City,0,0,0,0,1,0,0,0,,1,Yaya Touré,0.0099
12,Premier League,Manchester City,0,0,1,0,0,3,2,0,,6,Yaya Touré,0.0076
12,Champions League,Manchester City,0,1,0,0,1,1,0,0,,3,Yaya Touré,0.0076
9,Copa del Rey,FC Barcelona,0,0,1,0,0,0,0,0,,1,Yaya Touré,0.0007
9,LaLiga,FC Barcelona,0,0,0,0,0,1,1,0,,2,Yaya Touré,0.0007
11,Serie A,FC Internazionale,1,0,1,0,0,1,0,1,,4,Wesley Sneijder,0.0072
11,Champions League,FC Internazionale,1,0,1,0,0,1,0,0,,3,Wesley Sneijder,0.0072
10,Champions League,FC Internazionale,1,1,0,0,0,0,1,0,,3,Wesley Sneijder,0.1447
10,Serie A,FC Internazionale,0,0,2,0,0,0,1,1,,4,Wesley Sneijder,0.1447
10,Italy Cup,FC Internazionale,0,0,0,0,1,0,0,0,,1,Wesley Sneijder,0.1447
12,LaLiga,Real Madrid,0,0,0,0,0,1,0,0,,1,Xabi Alonso,0.0109
12,Supercopa,Real Madrid,0,0,0,0,1,0,0,0,,1,Xabi Alonso,0.0109
11,Copa del Rey,Real Madrid,0,0,0,0,0,0,1,0,,1,Xabi Alonso,0.0048
10,LaLiga,Real Madrid,0,0,0,0,2,0,1,0,,3,Xabi Alonso,0.0152
10,LaLiga,FC Barcelona,0,0,1,0,0,0,0,0,,1,Carles Puyol,0.0143
13,LaLiga,Real Madrid,0,0,3,0,1,2,1,2,,9,Mesut Özil,0.0071
13,Champions League,Real Madrid,0,0,0,0,0,0,1,0,,1,Mesut Özil,0.0071
12,LaLiga,Real Madrid,0,1,0,0,3,0,0,0,,4,Mesut Özil,0.0041
12,Champions League,Real Madrid,0,1,0,0,1,0,0,0,,2,Mesut Özil,0.0041
12,Supercopa,Real Madrid,1,0,0,0,0,0,0,0,,1,Mesut Özil,0.0041
11,LaLiga,Real Madrid,1,3,1,0,0,1,0,0,,6,Mesut Özil,0.0076
11,Copa del Rey,Real Madrid,1,0,0,0,0,0,2,0,,3,Mesut Özil,0.0076
11,Champions League,Real Madrid,1,0,0,0,0,0,0,0,,1,Mesut Özil,0.0076
10,Bundesliga,SV Werder Bremen,1,1,2,0,2,2,0,1,,9,Mesut Özil,0.0121
10,Europa League Qualifying,SV Werder Bremen,0,0,0,0,0,1,0,0,,1,Mesut Özil,0.0121
15,Bundesliga,Bayern Munich,1,1,3,0,3,4,5,0,0,17,Arjen Robben,0.0029
15,Champions League,Bayern Munich,1,1,0,0,0,0,0,0,0,2,Arjen Robben,0.0029
14,DFB-Pokal,Bayern Munich,1,0,0,0,1,0,1,0,1,4,Arjen Robben,0.0717
14,Bundesliga,Bayern Munich,3,2,0,0,1,2,3,0,0,11,Arjen Robben,0.0717
14,Champions League,Bayern Munich,0,1,0,0,1,1,1,0,0,4,Arjen Robben,0.0717
14,DFL-Supercup,Bayern Munich,0,0,0,0,1,1,0,0,0,2,Arjen Robben,0.0717
13,Champions League,Bayern Munich,0,1,0,0,1,1,1,0,0,4,Arjen Robben,0.0177
13,Bundesliga,Bayern Munich,0,1,1,0,2,0,0,1,0,5,Arjen Robben,0.0177
13,DFB-Pokal,Bayern Munich,0,0,2,0,1,0,1,0,0,4,Arjen Robben,0.0177
10,DFB-Pokal,Bayern Munich,0,0,1,0,1,0,0,0,1,3,Arjen Robben,0.0116
10,Bundesliga,Bayern Munich,1,1,1,0,3,3,6,1,0,16,Arjen Robben,0.0116
10,Champions League,Bayern Munich,0,0,0,1,0,3,0,0,0,4,Arjen Robben,0.0116
16,Bundesliga,Bayern Munich,1,3,6,0,2,4,3,1,0,20,Thomas Müller,0.0
16,DFB-Pokal,Bayern Munich,0,2,1,0,0,1,0,0,0,4,Thomas Müller,0.0
16,Champions League,Bayern Munich,0,2,1,0,2,0,1,2,0,8,Thomas Müller,0.0
15,Champions League,Bayern Munich,1,2,2,0,1,1,0,0,0,7,Thomas Müller,0.0217
15,Bundesliga,Bayern Munich,0,3,2,0,2,4,2,0,0,13,Thomas Müller,0.0217
15,DFB-Pokal,Bayern Munich,0,1,0,0,0,0,0,0,0,1,Thomas Müller,0.0217
14,DFB-Pokal,Bayern Munich,0,1,1,0,2,2,1,0,1,8,Thomas Müller,0.0542
14,Bundesliga,Bayern Munich,0,1,0,0,4,4,3,1,0,13,Thomas Müller,0.0542
14,Champions League,Bayern Munich,1,0,0,0,1,2,1,0,0,5,Thomas Müller,0.0542
13,DFB-Pokal,Bayern Munich,0,0,1,0,0,0,0,0,0,1,Thomas Müller,0.0043
13,Bundesliga,Bayern Munich,1,0,5,0,4,2,1,0,0,13,Thomas Müller,0.0043
13,Champions League,Bayern Munich,0,3,0,0,1,1,3,0,0,8,Thomas Müller,0.0043
13,DFL-Supercup,Bayern Munich,1,0,0,0,0,0,0,0,0,1,Thomas Müller,0.0043
11,Bundesliga,Bayern Munich,5,0,1,0,2,1,2,1,0,12,Thomas Müller,0.0064
11,Champions League,Bayern Munich,0,0,1,0,0,0,2,0,0,3,Thomas Müller,0.0064
11,DFB-Pokal,Bayern Munich,0,0,0,0,0,1,2,0,0,3,Thomas Müller,0.0064
11,DFL-Supercup,Bayern Munich,0,0,0,0,0,1,0,0,0,1,Thomas Müller,0.0064
10,Bundesliga,Bayern Munich,0,5,3,0,1,2,2,0,0,13,Thomas Müller,0.0091
10,DFB-Pokal,Bayern Munich,1,1,0,0,0,1,1,0,0,4,Thomas Müller,0.0091
10,Champions League,Bayern Munich,0,0,0,0,0,0,2,0,0,2,Thomas Müller,0.0091
14,Bundesliga,Bayern Munich,0,1,0,0,1,1,1,0,,4,Bastian Schweinsteiger,0.0057
14,DFB-Pokal,Bayern Munich,0,1,0,0,0,0,0,0,,1,Bastian Schweinsteiger,0.0057
14,Champions League,Bayern Munich,0,0,0,0,1,2,0,0,,3,Bastian Schweinsteiger,0.0057
13,Bundesliga,Bayern Munich,1,2,2,0,2,0,0,0,,7,Bastian Schweinsteiger,0.0043
13,Champions League,Bayern Munich,1,0,1,0,0,0,0,0,,2,Bastian Schweinsteiger,0.0043
11,Bundesliga,Bayern Munich,1,0,1,0,0,1,0,1,,4,Bastian Schweinsteiger,0.005
11,DFB-Pokal,Bayern Munich,0,1,0,0,0,1,0,0,,2,Bastian Schweinsteiger,0.005
11,Champions League,Bayern Munich,0,0,0,0,1,0,1,0,,2,Bastian Schweinsteiger,0.005
10,DFB-Pokal,Bayern Munich,0,0,0,0,0,0,1,0,,1,Bastian Schweinsteiger,0.0075
10,Bundesliga,Bayern Munich,0,0,0,0,2,0,0,0,,2,Bastian Schweinsteiger,0.0075
10,Ligue 1,Stade Rennais FC,3,0,3,1,1,1,2,2,,13,Asamoah Gyan,0.0046
10,Bundesliga,Bayern Munich,1,0,0,0,0,1,1,0,0,3,Miroslav Klose,0.0019
10,Champions League,Bayern Munich,0,0,0,0,0,0,1,0,0,1,Miroslav Klose,0.0019
10,DFB-Pokal,Bayern Munich,1,1,0,0,0,0,0,0,0,2,Miroslav Klose,0.0019
14,Bundesliga,Bayern Munich,0,0,0,0,1,0,0,0,,1,Philipp Lahm,0.029
10,DFB-Pokal,Bayern Munich,0,0,0,0,0,1,0,0,,1,Philipp Lahm,0.0005
11,Champions League,FC Barcelona,0,0,1,0,0,0,0,1,,2,Dani Alves,0.0034
11,LaLiga,FC Barcelona,0,1,0,0,1,0,0,0,,2,Dani Alves,0.0034
10,LaLiga,FC Barcelona,0,2,0,0,1,0,0,0,,3,Dani Alves,0.0005
18,LaLiga,FC Barcelona,4,3,2,0,4,7,5,0,0,25,Luis Suárez Díaz,0.0059
18,Copa del Rey,FC Barcelona,2,0,2,0,0,1,0,0,0,5,Luis Suárez Díaz,0.0059
18,Champions League,FC Barcelona,0,0,0,0,0,0,1,0,0,1,Luis Suárez Díaz,0.0059
17,LaLiga,FC Barcelona,1,5,6,0,6,7,3,0,0,28,Luis Suárez Díaz,0.0096
17,Champions League,FC Barcelona,1,0,0,0,0,1,1,0,0,3,Luis Suárez Díaz,0.0096
17,Copa del Rey,FC Barcelona,1,0,2,0,0,1,0,0,0,4,Luis Suárez Díaz,0.0096
17,Supercopa,FC Barcelona,0,0,0,0,1,0,0,0,0,1,Luis Suárez Díaz,0.0096
16,LaLiga,FC Barcelona,3,4,4,0,9,9,10,1,0,40,Luis Suárez Díaz,0.0584
16,Champions League,FC Barcelona,1,1,1,0,1,3,1,0,0,8,Luis Suárez Díaz,0.0584
16,Copa del Rey,FC Barcelona,2,0,0,0,1,0,2,0,0,5,Luis Suárez Díaz,0.0584
16,Club World Cup,FC Barcelona,0,0,1,0,2,2,0,0,0,5,Luis Suárez Díaz,0.0584
16,UEFA Super Cup,FC Barcelona,0,0,0,0,1,0,0,0,0,1,Luis Suárez Díaz,0.0584
15,Champions League,FC Barcelona,0,3,0,0,0,2,2,0,0,7,Luis Suárez Díaz,0.0371
15,LaLiga,FC Barcelona,2,2,2,1,5,1,1,2,0,16,Luis Suárez Díaz,0.0371
15,Copa del Rey,FC Barcelona,0,0,1,0,0,1,0,0,0,2,Luis Suárez Díaz,0.0371
13,Premier League,Liverpool FC,3,5,3,0,6,4,0,2,0,23,Luis Suárez Díaz,0.0039
13,Europa League,Liverpool FC,0,1,0,0,1,1,0,0,0,3,Luis Suárez Díaz,0.0039
13,FA Cup,Liverpool FC,0,1,0,0,1,0,0,0,0,2,Luis Suárez Díaz,0.0039
13,EFL Cup,Liverpool FC,0,0,0,0,0,0,1,0,0,1,Luis Suárez Díaz,0.0039
13,Europa League Qualifying,Liverpool FC,0,0,0,0,0,0,1,0,0,1,Luis Suárez Díaz,0.0039
11,Premier League,Liverpool FC,0,0,0,0,0,2,2,0,0,4,Luis Suárez Díaz,0.0148
11,KNVB beker,Ajax Amsterdam,0,0,0,0,0,0,1,0,0,1,Luis Suárez Díaz,0.0148
11,Champions League,Ajax Amsterdam,0,0,1,0,0,0,0,0,0,1,Luis Suárez Díaz,0.0148
11,Eredivisie,Ajax Amsterdam,1,0,2,0,2,0,2,0,0,7,Luis Suárez Díaz,0.0148
11,Champions League Qu.,Ajax Amsterdam,1,0,1,0,1,0,0,0,0,3,Luis Suárez Díaz,0.0148
21,Ligue 1,Paris Saint-Germain,1,1,3,1,3,0,0,0,0,9,Neymar,0.0033
21,Coupe de France,Paris Saint-Germain,0,0,0,0,0,1,0,0,0,1,Neymar,0.0033
21,Trophée des Champions,Paris Saint-Germain,0,0,0,0,0,0,1,0,0,1,Neymar,0.0033
21,Champions League,Paris Saint-Germain,2,1,1,0,1,0,0,1,0,6,Neymar,0.0033
18,Ligue 1,Paris Saint-Germain,2,1,5,0,2,3,6,0,0,19,Neymar,0.0066
18,Coupe de la Ligue,Paris Saint-Germain,0,0,0,0,1,0,0,0,0,1,Neymar,0.0066
18,Coupe de France,Paris Saint-Germain,0,1,1,0,0,0,0,0,0,2,Neymar,0.0066
18,Champions League,Paris Saint-Germain,1,2,0,1,0,2,0,0,0,6,Neymar,0.0066
17,Copa del Rey,FC Barcelona,0,1,1,0,1,0,0,0,0,3,Neymar,0.1282
17,LaLiga,FC Barcelona,0,2,3,0,0,4,2,2,0,13,Neymar,0.1282
17,Champions League,FC Barcelona,0,0,0,0,1,0,2,1,0,4,Neymar,0.1282
16,Copa del Rey,FC Barcelona,0,1,0,0,0,0,1,1,1,4,Neymar,0.0437
16,LaLiga,FC Barcelona,0,2,6,0,6,3,6,1,0,24,Neymar,0.0437
16,Champions League,FC Barcelona,0,1,1,0,0,0,1,0,0,3,Neymar,0.0437
15,Champions League,FC Barcelona,3,2,2,0,1,0,0,2,0,10,Neymar,0.0751
15,Copa del Rey,FC Barcelona,2,0,3,0,1,0,1,0,0,7,Neymar,0.0751
15,LaLiga,FC Barcelona,2,4,5,0,2,6,3,0,0,22,Neymar,0.0751
14,Champions League,FC Barcelona,0,0,1,0,2,1,0,0,0,4,Neymar,0.0221
14,LaLiga,FC Barcelona,2,2,1,0,0,3,1,0,0,9,Neymar,0.0221
14,Copa del Rey,FC Barcelona,0,0,0,0,0,0,1,0,0,1,Neymar,0.0221
14,Supercopa,FC Barcelona,0,0,0,0,0,1,0,0,0,1,Neymar,0.0221
13,Copa do Brasil,Santos FC,1,0,0,0,0,0,0,0,0,1,Neymar,0.0317
12,Série A,Santos FC,2,1,3,0,1,4,3,0,0,14,Neymar,0.0061
12,Recopa Sudamericana,Santos FC,0,1,0,0,0,0,0,0,0,1,Neymar,0.0061
12,Libertadores,Santos FC,0,2,2,0,2,1,1,0,0,8,Neymar,0.0061
12,Club World Cup,Santos FC,0,1,0,0,0,0,0,0,0,1,Neymar,0.0061
11,Série A,Santos FC,5,1,2,0,4,1,0,0,0,13,Neymar,0.0112
11,Libertadores,Santos FC,2,0,0,1,3,0,0,0,0,6,Neymar,0.0112
11,Copa del Rey,FC Barcelona,0,0,0,0,0,1,0,0,,1,Éric Abidal,0.0036
23,LaLiga,Real Madrid,3,3,5,1,1,2,3,1,0,19,Karim Benzema,0.0041
23,Champions League,Real Madrid,0,1,0,0,1,1,1,0,0,4,Karim Benzema,0.0041
23,Copa del Rey,Real Madrid,0,0,0,0,2,0,1,0,1,4,Karim Benzema,0.0041
23,Club World Cup,Real Madrid,0,0,0,0,1,0,0,0,0,1,Karim Benzema,0.0041
23,Supercopa,Real Madrid,0,0,1,0,0,0,0,1,0,2,Karim Benzema,0.0041
23,UEFA Super Cup,Real Madrid,0,0,0,0,0,1,0,0,0,1,Karim Benzema,0.0041
22,LaLiga,Real Madrid,3,4,4,0,2,3,9,2,0,27,Karim Benzema,0.369
22,Champions League,Real Madrid,1,2,1,0,2,3,3,1,2,15,Karim Benzema,0.369
22,Supercopa,Real Madrid,0,0,0,0,1,1,0,0,0,2,Karim Benzema,0.369
21,LaLiga,Real Madrid,3,4,3,0,1,4,4,4,0,23,Karim Benzema,0.0879
21,Champions League,Real Madrid,1,2,2,0,0,0,1,0,0,6,Karim Benzema,0.0879
21,Supercopa,Real Madrid,0,0,0,0,0,1,0,0,0,1,Karim Benzema,0.0879
19,LaLiga,Real Madrid,3,2,1,1,7,1,5,1,0,21,Karim Benzema,0.0004
19,Champions League,Real Madrid,1,1,1,0,1,0,0,0,0,4,Karim Benzema,0.0004
19,Copa del Rey,Real Madrid,0,2,1,0,0,0,1,0,0,4,Karim Benzema,0.0004
19,UEFA Super Cup,Real Madrid,0,1,0,0,0,0,0,0,0,1,Karim Benzema,0.0004
18,Champions League,Real Madrid,1,0,1,1,2,0,0,0,0,5,Karim Benzema,0.0021
18,LaLiga,Real Madrid,1,0,2,0,0,0,1,1,0,5,Karim Benzema,0.0021
18,Copa del Rey,Real Madrid,0,0,0,0,1,0,0,0,0,1,Karim Benzema,0.0021
18,Supercopa,Real Madrid,0,0,1,0,0,0,0,0,0,1,Karim Benzema,0.0021
17,LaLiga,Real Madrid,2,3,2,0,1,3,0,0,0,11,Karim Benzema,0.0025
17,Champions League,Real Madrid,0,2,1,0,1,0,1,0,0,5,Karim Benzema,0.0025
17,Copa del Rey,Real Madrid,0,0,0,0,0,0,0,1,0,1,Karim Benzema,0.0025
17,Club World Cup,Real Madrid,1,0,0,1,0,0,0,0,0,2,Karim Benzema,0.0025
15,LaLiga,Real Madrid,0,3,1,0,6,4,1,0,0,15,Karim Benzema,0.004
15,Champions League,Real Madrid,0,2,1,0,1,0,2,0,0,6,Karim Benzema,0.004
15,Club World Cup,Real Madrid,0,0,1,0,0,0,0,0,0,1,Karim Benzema,0.004
14,Champions League,Real Madrid,1,1,0,0,2,0,1,0,0,5,Karim Benzema,0.0075
14,LaLiga,Real Madrid,2,7,1,1,1,3,2,0,0,17,Karim Benzema,0.0075
14,Copa del Rey,Real Madrid,0,2,0,0,0,0,0,0,0,2,Karim Benzema,0.0075
12,LaLiga,Real Madrid,4,3,3,0,4,4,3,0,0,21,Karim Benzema,0.0011
12,Champions League,Real Madrid,1,1,0,0,1,3,1,0,0,7,Karim Benzema,0.0011
12,Copa del Rey,Real Madrid,0,0,0,0,0,2,1,0,0,3,Karim Benzema,0.0011
12,Supercopa,Real Madrid,0,0,0,0,0,0,1,0,0,1,Karim Benzema,0.0011
11,LaLiga,Real Madrid,2,4,0,0,3,3,3,0,0,15,Karim Benzema,0.0034
11,Champions League,Real Madrid,1,0,1,0,0,3,1,0,0,6,Karim Benzema,0.0034
11,Copa del Rey,Real Madrid,1,1,1,0,0,1,1,0,0,5,Karim Benzema,0.0034
11,Premier League,Manchester United,1,2,1,0,2,1,2,0,,9,Nani,0.0026
11,Champions League,Manchester United,1,0,0,0,0,0,0,0,,1,Nani,0.0026
12,LaLiga,FC Barcelona,0,1,0,0,0,0,1,0,,2,Gerard Piqué,0.0011
11,LaLiga,FC Barcelona,0,0,1,0,1,1,0,0,,3,Gerard Piqué,0.0022
11,Champions League,FC Barcelona,0,0,0,0,1,0,0,0,,1,Gerard Piqué,0.0022
17,Ligue 1,AS Monaco,3,3,3,0,4,6,2,0,,21,Radamel Falcao,0.0032
17,Champions League,AS Monaco,0,2,2,0,0,1,0,0,,5,Radamel Falcao,0.0032
17,Coupe de la Ligue,AS Monaco,0,0,0,1,0,0,0,0,,1,Radamel Falcao,0.0032
17,Coupe de France,AS Monaco,0,1,0,0,0,0,0,0,,1,Radamel Falcao,0.0032
17,Champions League Qu.,AS Monaco,0,1,1,0,0,0,0,0,,2,Radamel Falcao,0.0032
13,LaLiga,Atlético de Madrid,4,5,6,0,5,4,4,0,,28,Radamel Falcao,0.0108
13,Copa del Rey,Atlético de Madrid,1,1,0,0,0,0,0,0,,2,Radamel Falcao,0.0108
13,Europa League,Atlético de Madrid,0,0,0,0,0,0,1,0,,1,Radamel Falcao,0.0108
13,UEFA Super Cup,Atlético de Madrid,1,1,1,0,0,0,0,0,,3,Radamel Falcao,0.0108
12,LaLiga,Atlético de Madrid,1,2,4,0,5,5,6,1,,24,Radamel Falcao,0.0367
12,Europa League,Atlético de Madrid,3,1,3,0,0,2,3,0,,12,Radamel Falcao,0.0367
13,Serie A,Juventus FC,3,0,0,0,2,0,0,0,0,5,Andrea Pirlo,0.0111
12,Serie A,Juventus FC,0,2,0,0,0,1,0,0,0,3,Andrea Pirlo,0.0266
13,Premier League,Manchester United,6,4,5,1,1,2,5,2,0,26,Robin van Persie,0.0179
13,FA Cup,Manchester United,0,0,0,0,0,0,0,1,0,1,Robin van Persie,0.0179
13,Champions League,Manchester United,0,1,0,0,1,0,1,0,0,3,Robin van Persie,0.0179
12,Premier League,Arsenal FC,6,3,4,0,3,7,5,2,0,30,Robin van Persie,0.0145
12,Champions League,Arsenal FC,0,0,2,0,1,0,1,0,0,4,Robin van Persie,0.0145
12,FA Cup,Arsenal FC,0,0,0,0,1,1,0,0,0,2,Robin van Persie,0.0145
12,Champions League Qu.,Arsenal FC,0,0,0,0,1,0,0,0,0,1,Robin van Persie,0.0145
12,LaLiga,FC Barcelona,1,0,0,0,0,0,0,0,,1,Sergio Busquets,0.002
12,Champions League,FC Barcelona,0,0,1,0,0,0,0,0,,1,Sergio Busquets,0.002
18,Champions League,Real Madrid,0,1,0,0,0,1,1,0,0,3,Gareth Bale,0.0021
18,LaLiga,Real Madrid,3,4,3,0,3,2,1,0,0,16,Gareth Bale,0.0021
18,Copa del Rey,Real Madrid,0,0,1,0,0,0,0,0,0,1,Gareth Bale,0.0021
18,Club World Cup,Real Madrid,0,0,0,0,0,0,1,0,0,1,Gareth Bale,0.0021
16,LaLiga,Real Madrid,2,2,4,0,2,4,5,0,0,19,Gareth Bale,0.0385
15,LaLiga,Real Madrid,2,4,2,0,0,3,2,0,0,13,Gareth Bale,0.0065
15,Club World Cup,Real Madrid,0,0,0,0,2,0,0,0,0,2,Gareth Bale,0.0065
15,Champions League,Real Madrid,0,1,1,0,0,0,0,0,0,2,Gareth Bale,0.0065
14,Champions League,Real Madrid,1,1,1,0,0,2,0,0,1,6,Gareth Bale,0.01
14,LaLiga,Real Madrid,2,2,2,0,1,7,1,0,0,15,Gareth Bale,0.01
14,Copa del Rey,Real Madrid,0,0,0,0,0,0,1,0,0,1,Gareth Bale,0.01
13,Premier League,Tottenham Hotspur,4,2,2,0,1,5,7,0,0,21,Gareth Bale,0.0132
13,Europa League,Tottenham Hotspur,1,0,1,0,0,0,0,1,0,3,Gareth Bale,0.0132
13,FA Cup,Tottenham Hotspur,0,0,1,0,0,0,0,0,0,1,Gareth Bale,0.0132
13,EFL Cup,Tottenham Hotspur,0,0,0,0,0,1,0,0,0,1,Gareth Bale,0.0132
23,LaLiga,FC Barcelona,2,4,6,1,1,4,4,1,0,23,Robert Lewandowski,0.0082
23,Europa League,FC Barcelona,0,1,0,0,0,0,0,0,0,1,Robert Lewandowski,0.0082
23,Copa del Rey,FC Barcelona,0,0,0,0,1,0,1,0,0,2,Robert Lewandowski,0.0082
23,Supercopa,FC Barcelona,0,0,2,0,0,0,0,0,0,2,Robert Lewandowski,0.0082
23,Champions League,FC Barcelona,0,0,1,1,0,1,1,1,0,5,Robert Lewandowski,0.0082
22,Bundesliga,Bayern Munich,6,4,7,2,3,8,5,0,0,35,Robert Lewandowski,0.1142
22,Champions League,Bayern Munich,3,4,0,0,2,1,3,0,0,13,Robert Lewandowski,0.1142
22,DFL-Supercup,Bayern Munich,0,0,1,0,0,1,0,0,0,2,Robert Lewandowski,0.1142
21,Bundesliga,Bayern Munich,4,7,7,3,8,4,5,3,0,41,Robert Lewandowski,0.2132
21,Champions League,Bayern Munich,1,1,2,0,0,0,1,0,0,5,Robert Lewandowski,0.2132
21,Club World Cup,Bayern Munich,0,1,0,0,0,0,1,0,0,2,Robert Lewandowski,0.2132
19,DFB-Pokal,Bayern Munich,0,1,1,0,1,0,4,0,0,7,Robert Lewandowski,0.0156
19,Bundesliga,Bayern Munich,2,7,1,0,3,3,5,1,0,22,Robert Lewandowski,0.0156
19,Champions League,Bayern Munich,2,0,2,0,1,2,1,0,0,8,Robert Lewandowski,0.0156
19,DFL-Supercup,Bayern Munich,0,2,0,0,1,0,0,0,0,3,Robert Lewandowski,0.0156
17,Bundesliga,Bayern Munich,5,5,6,0,6,1,5,2,0,30,Robert Lewandowski,0.016
17,Champions League,Bayern Munich,0,2,1,0,4,1,0,0,0,8,Robert Lewandowski,0.016
17,DFB-Pokal,Bayern Munich,2,1,2,0,0,0,0,0,0,5,Robert Lewandowski,0.016
16,Bundesliga,Bayern Munich,4,0,4,0,10,8,4,0,0,30,Robert Lewandowski,0.0019
16,Champions League,Bayern Munich,1,3,0,0,1,4,0,0,0,9,Robert Lewandowski,0.0019
16,DFB-Pokal,Bayern Munich,0,1,1,0,0,0,1,0,0,3,Robert Lewandowski,0.0019
15,Bundesliga,Bayern Munich,4,2,4,0,1,4,1,1,0,17,Robert Lewandowski,0.042
15,Champions League,Bayern Munich,0,2,2,0,1,1,0,0,0,6,Robert Lewandowski,0.042
15,DFB-Pokal,Bayern Munich,1,1,0,0,0,0,0,0,0,2,Robert Lewandowski,0.042
13,Bundesliga,Borussia Dortmund,5,3,2,1,3,3,6,1,0,24,Robert Lewandowski,0.0092
13,Champions League,Borussia Dortmund,1,0,4,0,2,2,1,0,0,10,Robert Lewandowski,0.0092
13,DFB-Pokal,Borussia Dortmund,0,0,0,0,0,0,1,0,0,1,Robert Lewandowski,0.0092
13,DFL-Supercup,Borussia Dortmund,0,0,0,0,0,1,0,0,0,1,Robert Lewandowski,0.0092
18,Coupe de France,Paris Saint-Germain,0,1,0,0,0,1,1,0,0,3,Edinson Cavani,0.001
18,Ligue 1,Paris Saint-Germain,3,7,4,0,2,6,5,1,0,28,Edinson Cavani,0.001
18,Coupe de la Ligue,Paris Saint-Germain,1,0,0,0,0,0,1,0,0,2,Edinson Cavani,0.001
18,Champions League,Paris Saint-Germain,0,1,3,0,0,1,2,0,0,7,Edinson Cavani,0.001
17,Ligue 1,Paris Saint-Germain,4,8,3,1,4,8,7,0,0,35,Edinson Cavani,0.0114
17,Coupe de France,Paris Saint-Germain,0,0,1,0,0,0,0,1,0,2,Edinson Cavani,0.0114
17,Coupe de la Ligue,Paris Saint-Germain,0,0,0,0,2,1,1,0,0,4,Edinson Cavani,0.0114
17,Champions League,Paris Saint-Germain,1,1,0,0,2,3,0,1,0,8,Edinson Cavani,0.0114
13,Serie A,SSC Napoli,5,1,3,0,3,9,8,0,0,29,Edinson Cavani,0.0036
13,Italy Cup,SSC Napoli,1,0,0,0,0,0,0,0,0,1,Edinson Cavani,0.0036
13,Europa League,SSC Napoli,1,1,0,0,0,1,2,2,0,7,Edinson Cavani,0.0036
13,Supercoppa Italiana,SSC Napoli,0,1,0,0,0,0,0,0,0,1,Edinson Cavani,0.0036
13,Champions League,Paris Saint-Germain,0,2,0,0,0,0,0,0,0,2,Thiago Silva,0.0024
13,Coupe de la Ligue,Paris Saint-Germain,0,1,0,0,0,0,0,0,0,1,Thiago Silva,0.0024
19,Europa League,Chelsea FC,0,0,0,0,0,2,0,0,0,2,Eden Hazard,0.0089
19,Premier League,Chelsea FC,0,3,3,2,2,1,4,1,0,16,Eden Hazard,0.0089
19,EFL Cup,Chelsea FC,0,0,1,0,0,0,2,0,0,3,Eden Hazard,0.0089
18,FA Cup,Chelsea FC,0,1,0,0,0,0,0,0,0,1,Eden Hazard,0.0413
18,Premier League,Chelsea FC,1,3,0,0,1,5,2,0,0,12,Eden Hazard,0.0413
18,EFL Cup,Chelsea FC,1,0,0,0,0,0,0,0,0,1,Eden Hazard,0.0413
18,Champions League,Chelsea FC,0,1,1,0,0,1,0,0,0,3,Eden Hazard,0.0413
17,Premier League,Chelsea FC,4,3,2,0,4,2,1,0,0,16,Eden Hazard,0.0057
17,FA Cup,Chelsea FC,0,0,0,0,0,1,0,0,0,1,Eden Hazard,0.0057
15,Premier League,Chelsea FC,3,4,3,1,0,2,1,0,0,14,Eden Hazard,0.0139
15,Champions League,Chelsea FC,0,0,0,0,0,0,2,0,1,3,Eden Hazard,0.0139
15,EFL Cup,Chelsea FC,0,2,0,0,0,0,0,0,0,2,Eden Hazard,0.0139
14,Champions League,Chelsea FC,0,1,0,0,0,0,1,0,0,2,Eden Hazard,0.0047
14,Premier League,Chelsea FC,0,4,3,0,2,2,2,1,0,14,Eden Hazard,0.0047
14,UEFA Super Cup,Chelsea FC,0,0,0,0,0,0,0,0,1,1,Eden Hazard,0.0047
13,Premier League,Chelsea FC,0,1,3,0,3,1,1,0,0,9,Eden Hazard,0.0016
13,FA Cup,Chelsea FC,0,0,0,0,1,0,0,0,0,1,Eden Hazard,0.0016
13,Europa League,Chelsea FC,0,0,0,0,0,0,0,1,0,1,Eden Hazard,0.0016
13,EFL Cup,Chelsea FC,0,0,0,0,0,0,1,1,0,2,Eden Hazard,0.0016
15,LaLiga,Real Madrid,3,1,4,0,1,3,1,0,,13,James Rodríguez,0.0045
15,Copa del Rey,Real Madrid,0,1,1,0,0,0,0,0,,2,James Rodríguez,0.0045
15,Champions League,Real Madrid,0,0,1,0,0,0,0,0,,1,James Rodríguez,0.0045
15,Supercopa,Real Madrid,0,0,0,0,0,0,1,0,,1,James Rodríguez,0.0045
14,Ligue 1,AS Monaco,1,3,1,0,1,0,3,0,,9,James Rodríguez,0.0147
14,Coupe de France,AS Monaco,0,0,1,0,0,0,0,0,,1,James Rodríguez,0.0147
17,LaLiga,Real Madrid,0,0,0,0,0,0,3,0,,3,Toni Kroos,0.0071
17,Champions League,Real Madrid,0,0,0,0,1,0,0,0,,1,Toni Kroos,0.0071
16,LaLiga,Real Madrid,0,0,1,0,0,0,0,0,,1,Toni Kroos,0.0006
15,LaLiga,Real Madrid,0,1,0,0,1,0,0,0,,2,Toni Kroos,0.0029
14,DFB-Pokal,Bayern Munich,0,0,1,0,0,0,0,0,,1,Toni Kroos,0.0143
14,Bundesliga,Bayern Munich,1,1,0,0,0,0,0,0,,2,Toni Kroos,0.0143
14,Champions League,Bayern Munich,0,0,0,0,1,0,0,0,,1,Toni Kroos,0.0143
14,Copa del Rey,Real Madrid,1,1,0,0,1,1,0,0,,4,Ángel Di María,0.0129
14,LaLiga,Real Madrid,0,2,0,0,1,1,0,0,,4,Ángel Di María,0.0129
14,Champions League,Real Madrid,0,0,0,0,0,2,1,0,,3,Ángel Di María,0.0129
14,Champions League,Atlético de Madrid,1,1,1,0,1,1,3,0,,8,Diego Costa,0.0102
14,LaLiga,Atlético de Madrid,2,4,5,0,3,8,4,1,,27,Diego Costa,0.0102
14,Copa del Rey,Atlético de Madrid,0,0,0,0,0,0,1,0,,1,Diego Costa,0.0102
14,Bundesliga,Bayern Munich,3,0,1,0,2,2,2,0,,10,Mario Götze,0.0084
14,DFB-Pokal,Bayern Munich,0,0,0,0,0,0,0,1,,1,Mario Götze,0.0084
14,Club World Cup,Bayern Munich,0,0,0,0,1,0,0,0,,1,Mario Götze,0.0084
14,Champions League,Bayern Munich,1,0,0,0,1,0,1,0,,3,Mario Götze,0.0084
18,Premier League,Manchester United,0,1,0,0,3,0,2,0,,6,Paul Pogba,0.0031
16,Serie A,Juventus FC,0,2,1,0,1,4,0,0,,8,Paul Pogba,0.0026
16,Champions League,Juventus FC,1,0,0,0,0,0,0,0,,1,Paul Pogba,0.0026
16,Italy Cup,Juventus FC,0,0,0,0,0,0,1,0,,1,Paul Pogba,0.0026
15,Serie A,Juventus FC,1,3,1,0,1,1,1,0,,8,Paul Pogba,0.0072
15,Italy Cup,Juventus FC,0,0,0,0,1,0,0,0,,1,Paul Pogba,0.0072
15,Champions League,Juventus FC,0,0,0,0,0,1,0,0,,1,Paul Pogba,0.0072
14,Serie A,Juventus FC,0,0,1,0,2,1,3,0,,7,Paul Pogba,0.004
14,Europa League,Juventus FC,0,0,0,0,0,0,0,1,,1,Paul Pogba,0.004
14,Supercoppa Italiana,Juventus FC,0,1,0,0,0,0,0,0,,1,Paul Pogba,0.004
15,FA Cup,Arsenal FC,0,0,1,0,1,0,1,0,1,4,Alexis Sánchez,0.0114
15,Premier League,Arsenal FC,1,3,3,1,1,4,1,2,0,16,Alexis Sánchez,0.0114
15,Champions League,Arsenal FC,0,1,1,0,1,0,0,0,0,3,Alexis Sánchez,0.0114
15,EFL Cup,Arsenal FC,1,0,0,0,0,0,0,0,0,1,Alexis Sánchez,0.0114
15,Champions League Qu.,Arsenal FC,0,0,0,1,0,0,0,0,0,1,Alexis Sánchez,0.0114
16,Bundesliga,Bayern Munich,0,1,1,0,1,1,0,0,0,4,Arturo Vidal,0.0026
16,Champions League,Bayern Munich,1,0,1,0,0,0,0,0,0,2,Arturo Vidal,0.0026
16,DFB-Pokal,Bayern Munich,1,0,0,0,0,0,0,0,0,1,Arturo Vidal,0.0026
15,Serie A,Juventus FC,2,1,2,0,0,1,0,1,0,7,Arturo Vidal,0.0058
15,Champions League,Juventus FC,0,0,0,0,1,0,0,0,0,1,Arturo Vidal,0.0058
23,Champions League,Manchester City,0,0,0,0,0,1,0,1,,2,Kevin De Bruyne,0.0679
23,Premier League,Manchester City,1,1,1,0,3,1,0,0,,7,Kevin De Bruyne,0.0679
23,FA Cup,Manchester City,0,0,0,0,0,0,1,0,,1,Kevin De Bruyne,0.0679
22,Premier League,Manchester City,5,3,1,0,1,4,1,0,,15,Kevin De Bruyne,0.1176
22,Champions League,Manchester City,1,0,0,0,0,1,0,0,,2,Kevin De Bruyne,0.1176
22,FA Cup,Manchester City,0,0,0,0,0,1,0,0,,1,Kevin De Bruyne,0.1176
22,EFL Cup,Manchester City,0,1,0,0,0,0,0,0,,1,Kevin De Bruyne,0.1176
21,Premier League,Manchester City,2,2,1,0,1,0,0,0,,6,Kevin De Bruyne,0.0268
21,Champions League,Manchester City,1,1,0,0,0,1,0,0,,3,Kevin De Bruyne,0.0268
21,FA Cup,Manchester City,0,0,0,0,0,0,1,0,,1,Kevin De Bruyne,0.0268
19,FA Cup,Manchester City,0,0,0,0,0,2,0,0,,2,Kevin De Bruyne,0.005
19,Premier League,Manchester City,1,0,0,0,0,0,1,0,,2,Kevin De Bruyne,0.005
19,EFL Cup,Manchester City,2,0,0,0,0,0,0,0,,2,Kevin De Bruyne,0.005
18,Premier League,Manchester City,0,1,1,0,3,3,0,0,,8,Kevin De Bruyne,0.0101
18,FA Cup,Manchester City,1,0,0,0,0,0,0,0,,1,Kevin De Bruyne,0.0101
18,EFL Cup,Manchester City,0,0,0,0,1,0,0,1,,2,Kevin De Bruyne,0.0101
18,Champions League,Manchester City,0,0,0,0,1,0,0,0,,1,Kevin De Bruyne,0.0101
17,Premier League,Manchester City,2,2,0,0,2,0,0,0,,6,Kevin De Bruyne,0.0089
17,Champions League,Manchester City,0,0,0,0,1,0,0,0,,1,Kevin De Bruyne,0.0089
16,Premier League,Manchester City,2,1,1,0,3,0,0,0,,7,Kevin De Bruyne,0.0
16,Champions League,Manchester City,0,0,1,0,0,0,2,0,,3,Kevin De Bruyne,0.0
16,EFL Cup,Manchester City,0,1,1,0,0,1,2,0,,5,Kevin De Bruyne,0.0
16,FA Cup,Manchester City,0,0,0,0,0,0,1,0,,1,Kevin De Bruyne,0.0
16,DFB-Pokal,VfL Wolfsburg,0,0,0,0,1,0,0,0,,1,Kevin De Bruyne,0.0
15,DFB-Pokal,VfL Wolfsburg,0,0,1,0,0,0,0,0,,1,Kevin De Bruyne,0.0047
15,Bundesliga,VfL Wolfsburg,1,3,0,0,2,1,3,0,,10,Kevin De Bruyne,0.0047
15,Europa League,VfL Wolfsburg,0,0,0,0,1,2,2,0,,5,Kevin De Bruyne,0.0047
18,Copa del Rey,FC Barcelona,0,0,0,0,0,0,2,0,,2,Ivan Rakitić,0.0014
18,LaLiga,FC Barcelona,0,0,0,0,1,0,0,0,,1,Ivan Rakitić,0.0014
18,Champions League,FC Barcelona,0,0,0,0,1,0,0,0,,1,Ivan Rakitić,0.0014
15,Champions League,FC Barcelona,1,0,1,0,0,0,0,0,,2,Ivan Rakitić,0.0004
15,LaLiga,FC Barcelona,0,1,3,0,0,1,0,0,,5,Ivan Rakitić,0.0004
15,Copa del Rey,FC Barcelona,1,0,0,0,0,0,0,0,,1,Ivan Rakitić,0.0004
23,LaLiga,Atlético de Madrid,2,3,3,0,3,4,0,0,0,15,Antoine Griezmann,0.0027
23,Champions League,Atlético de Madrid,0,0,0,0,0,0,0,1,0,1,Antoine Griezmann,0.0027
19,LaLiga,Atlético de Madrid,0,3,3,0,3,3,2,1,0,15,Antoine Griezmann,0.0032
19,Copa del Rey,Atlético de Madrid,1,0,0,0,0,0,1,0,0,2,Antoine Griezmann,0.0032
19,Champions League,Atlético de Madrid,0,2,0,0,0,1,1,0,0,4,Antoine Griezmann,0.0032
18,Europa League,Atlético de Madrid,0,1,1,0,1,1,2,0,0,6,Antoine Griezmann,0.1438
18,LaLiga,Atlético de Madrid,1,2,4,0,4,6,2,0,0,19,Antoine Griezmann,0.1438
18,Copa del Rey,Atlético de Madrid,1,0,0,0,0,0,0,1,0,2,Antoine Griezmann,0.1438
18,Champions League,Atlético de Madrid,0,0,1,0,0,1,0,0,0,2,Antoine Griezmann,0.1438
17,Champions League,Atlético de Madrid,0,4,0,0,0,1,0,1,0,6,Antoine Griezmann,0.006
17,LaLiga,Atlético de Madrid,2,0,1,0,0,7,6,0,0,16,Antoine Griezmann,0.006
17,Copa del Rey,Atlético de Madrid,0,1,0,0,3,0,0,0,0,4,Antoine Griezmann,0.006
16,LaLiga,Atlético de Madrid,3,3,1,0,6,3,5,1,0,22,Antoine Griezmann,0.1272
16,Champions League,Atlético de Madrid,1,2,1,0,1,1,1,0,0,7,Antoine Griezmann,0.1272
16,Copa del Rey,Atlético de Madrid,0,1,0,0,0,0,1,1,0,3,Antoine Griezmann,0.1272
22,Champions League,Manchester City,1,0,1,1,1,1,2,0,0,7,Riyad Mahrez,0.0027
22,Premier League,Manchester City,1,0,1,0,3,2,2,2,0,11,Riyad Mahrez,0.0027
22,FA Cup,Manchester City,0,0,0,0,3,0,1,0,0,4,Riyad Mahrez,0.0027
22,EFL Cup,Manchester City,0,0,1,0,0,0,1,0,0,2,Riyad Mahrez,0.0027
21,Champions League,Manchester City,1,0,0,0,1,2,0,0,0,4,Riyad Mahrez,0.0026
21,Premier League,Manchester City,2,1,1,1,1,2,1,0,0,9,Riyad Mahrez,0.0026
21,EFL Cup,Manchester City,0,0,0,0,1,0,0,0,0,1,Riyad Mahrez,0.0026
19,Premier League,Manchester City,1,0,0,0,2,2,2,0,0,7,Riyad Mahrez,0.0117
19,FA Cup,Manchester City,0,0,0,0,0,1,0,1,0,2,Riyad Mahrez,0.0117
19,EFL Cup,Manchester City,0,0,0,0,0,0,2,0,0,2,Riyad Mahrez,0.0117
19,Champions League,Manchester City,0,0,0,0,0,0,1,0,0,1,Riyad Mahrez,0.0117
16,Premier League,Leicester City,2,4,2,0,5,3,1,0,0,17,Riyad Mahrez,0.0128
16,EFL Cup,Leicester City,0,0,0,0,0,0,0,0,1,1,Riyad Mahrez,0.0128
16,Premier League,Leicester City,3,3,2,1,2,7,4,2,,24,Jamie Vardy,0.0071
16,LaLiga,Real Madrid,0,0,1,0,0,0,0,0,,1,Pepe,0.0051
19,Premier League,Arsenal FC,5,0,0,0,6,7,3,1,0,22,Pierre-Emerick Aubameyang,0.0018
19,Europa League,Arsenal FC,1,1,1,0,1,2,2,0,0,8,Pierre-Emerick Aubameyang,0.0018
19,FA Cup,Arsenal FC,0,0,1,0,0,0,0,0,0,1,Pierre-Emerick Aubameyang,0.0018
17,DFB-Pokal,Borussia Dortmund,0,0,0,0,0,2,0,0,0,2,Pierre-Emerick Aubameyang,0.005
17,Bundesliga,Borussia Dortmund,4,5,4,0,7,4,6,1,0,31,Pierre-Emerick Aubameyang,0.005
17,Champions League,Borussia Dortmund,2,0,1,0,1,1,2,0,0,7,Pierre-Emerick Aubameyang,0.005
16,Bundesliga,Borussia Dortmund,0,3,2,0,5,4,8,3,0,25,Pierre-Emerick Aubameyang,0.0045
16,Europa League,Borussia Dortmund,1,2,3,0,0,2,0,0,0,8,Pierre-Emerick Aubameyang,0.0045
16,DFB-Pokal,Borussia Dortmund,0,1,1,0,0,1,0,0,0,3,Pierre-Emerick Aubameyang,0.0045
16,Europa League Qualifying,Borussia Dortmund,0,0,1,0,0,1,1,0,0,3,Pierre-Emerick Aubameyang,0.0045
23,LaLiga,Real Madrid,1,0,2,0,0,0,1,0,,4,Luka Modrić,0.0129
23,Champions League,Real Madrid,1,0,0,0,1,0,0,0,,2,Luka Modrić,0.0129
22,LaLiga,Real Madrid,0,0,1,0,0,0,1,0,,2,Luka Modrić,0.0134
22,Supercopa,Real Madrid,0,0,1,0,0,0,0,0,,1,Luka Modrić,0.0134
21,LaLiga,Real Madrid,1,2,0,0,0,0,1,1,,5,Luka Modrić,0.0
21,Champions League,Real Madrid,0,0,0,0,1,0,0,0,,1,Luka Modrić,0.0
18,LaLiga,Real Madrid,0,0,0,0,0,1,0,0,,1,Luka Modrić,0.2615
18,Champions League,Real Madrid,0,1,0,0,0,0,0,0,,1,Luka Modrić,0.2615
17,LaLiga,Real Madrid,0,0,0,0,0,1,0,0,,1,Luka Modrić,0.0298
16,LaLiga,Real Madrid,0,0,0,0,0,0,2,0,,2,Luka Modrić,0.0006
16,Champions League,Real Madrid,0,0,0,0,1,0,0,0,,1,Luka Modrić,0.0006
16,Premier League,West Ham United,1,0,1,0,3,2,1,1,,9,Dimitri Payet,0.0006
16,FA Cup,West Ham United,0,0,1,0,0,1,0,1,,3,Dimitri Payet,0.0006
17,Serie A,Juventus FC,1,1,4,0,1,2,1,1,,11,Paulo Dybala,0.0082
17,Champions League,Juventus FC,1,1,1,0,1,0,0,0,,4,Paulo Dybala,0.0082
17,Italy Cup,Juventus FC,1,1,0,0,1,1,0,0,,4,Paulo Dybala,0.0082
16,Serie A,Juventus FC,3,2,3,0,2,2,5,2,,19,Paulo Dybala,0.0
16,Champions League,Juventus FC,0,0,0,0,0,1,0,0,,1,Paulo Dybala,0.0
16,Italy Cup,Juventus FC,0,0,0,0,0,1,1,0,,2,Paulo Dybala,0.0
16,Supercoppa Italiana,Juventus FC,0,0,0,0,0,1,0,0,,1,Paulo Dybala,0.0
18,Copa del Rey,Atlético de Madrid,0,0,1,0,0,0,0,0,,1,Diego Godín,0.0003
16,LaLiga,Atlético de Madrid,0,1,0,0,0,0,0,0,,1,Diego Godín,0.0
16,Serie A,SSC Napoli,8,4,4,0,6,8,5,1,0,36,Gonzalo Higuaín,0.0
16,Europa League,SSC Napoli,0,0,0,0,0,0,1,1,0,2,Gonzalo Higuaín,0.0
16,LaLiga,Atlético de Madrid,3,0,1,0,0,0,1,0,0,5,Koke,0.0
23,Ligue 1,Paris Saint-Germain,7,6,1,0,5,2,6,2,,29,Kylian Mbappé,0.1834
23,Coupe de France,Paris Saint-Germain,0,1,2,0,1,0,1,0,,5,Kylian Mbappé,0.1834
23,Champions League,Paris Saint-Germain,2,1,2,0,0,2,0,0,,7,Kylian Mbappé,0.1834
22,Ligue 1,Paris Saint-Germain,2,8,4,1,4,6,2,1,,28,Kylian Mbappé,0.0571
22,Champions League,Paris Saint-Germain,3,0,1,0,1,0,0,1,,6,Kylian Mbappé,0.0571
22,Coupe de France,Paris Saint-Germain,0,1,0,0,2,1,1,0,,5,Kylian Mbappé,0.0571
21,Ligue 1,Paris Saint-Germain,3,3,5,0,4,4,7,1,,27,Kylian Mbappé,0.0213
21,Coupe de France,Paris Saint-Germain,2,0,1,0,1,1,1,1,,7,Kylian Mbappé,0.0213
21,Champions League,Paris Saint-Germain,1,1,2,0,0,3,1,0,,8,Kylian Mbappé,0.0213
19,Ligue 1,Paris Saint-Germain,1,0,5,1,5,13,8,0,,33,Kylian Mbappé,0.0316
19,Coupe de France,Paris Saint-Germain,0,0,0,0,0,0,2,0,,2,Kylian Mbappé,0.0316
19,Champions League,Paris Saint-Germain,0,0,0,0,1,1,1,1,,4,Kylian Mbappé,0.0316
18,Coupe de France,Paris Saint-Germain,1,1,0,0,0,1,1,0,,4,Kylian Mbappé,0.1205
18,Ligue 1,Paris Saint-Germain,3,2,1,1,3,0,2,1,,13,Kylian Mbappé,0.1205
18,Champions League,Paris Saint-Germain,1,0,2,0,1,0,0,0,,4,Kylian Mbappé,0.1205
17,Ligue 1,AS Monaco,4,3,1,1,2,3,1,0,,15,Kylian Mbappé,0.017
17,Champions League,AS Monaco,2,1,1,0,0,1,1,0,,6,Kylian Mbappé,0.017
17,Coupe de France,AS Monaco,0,0,0,0,1,1,0,0,,2,Kylian Mbappé,0.017
17,Coupe de la Ligue,AS Monaco,1,1,0,0,0,1,0,0,,3,Kylian Mbappé,0.017
17,National 2 - Grp. D,AS Monaco B,0,1,0,0,0,0,1,0,,2,Kylian Mbappé,0.017
18,Premier League,Chelsea FC,0,0,0,0,1,0,0,0,,1,N'Golo Kanté,0.0083
17,FA Cup,Chelsea FC,0,0,0,0,1,0,0,0,,1,N'Golo Kanté,0.0167
17,Premier League,Chelsea FC,0,0,0,0,0,1,0,0,,1,N'Golo Kanté,0.0167
23,Premier League,Tottenham Hotspur,5,3,3,2,5,7,4,1,0,30,Harry Kane,0.0027
23,FA Cup,Tottenham Hotspur,0,0,0,0,1,0,0,0,0,1,Harry Kane,0.0027
23,Champions League,Tottenham Hotspur,0,1,0,0,0,0,0,0,0,1,Harry Kane,0.0027
22,Premier League,Tottenham Hotspur,1,4,7,1,3,0,0,1,0,17,Harry Kane,0.0
22,FA Cup,Tottenham Hotspur,1,0,0,0,0,1,1,0,0,3,Harry Kane,0.0
22,Conference League,Tottenham Hotspur,0,0,0,0,0,2,2,0,0,4,Harry Kane,0.0
22,EFL Cup,Tottenham Hotspur,0,1,0,0,0,0,0,0,0,1,Harry Kane,0.0
22,UECL Qualifiers,Tottenham Hotspur,1,0,1,0,0,0,0,0,0,2,Harry Kane,0.0
21,Premier League,Tottenham Hotspur,3,7,4,1,2,2,4,0,0,23,Harry Kane,0.0015
21,Europa League,Tottenham Hotspur,1,1,0,0,0,1,0,0,0,3,Harry Kane,0.0015
21,FA Cup,Tottenham Hotspur,0,0,0,0,0,0,1,0,0,1,Harry Kane,0.0015
21,EFL Cup,Tottenham Hotspur,0,0,0,0,0,0,1,0,0,1,Harry Kane,0.0015
21,Europa League Qualifying,Tottenham Hotspur,1,0,0,0,1,1,2,0,0,5,Harry Kane,0.0015
18,Premier League,Tottenham Hotspur,4,4,3,0,9,5,4,1,0,30,Harry Kane,0.0087
18,FA Cup,Tottenham Hotspur,0,0,0,0,0,2,2,0,0,4,Harry Kane,0.0087
18,Champions League,Tottenham Hotspur,1,0,2,0,2,2,0,0,0,7,Harry Kane,0.0087
17,Premier League,Tottenham Hotspur,4,3,4,0,9,3,5,1,0,29,Harry Kane,0.0128
17,FA Cup,Tottenham Hotspur,0,2,0,0,1,1,0,0,0,4,Harry Kane,0.0128
17,Champions League,Tottenham Hotspur,0,0,0,1,1,0,0,0,0,2,Harry Kane,0.0128
18,LaLiga,Real Madrid,1,2,1,0,0,2,1,0,0,7,Isco,0.0
18,Copa del Rey,Real Madrid,0,0,0,0,0,0,1,0,0,1,Isco,0.0
18,UEFA Super Cup,Real Madrid,0,0,0,0,1,0,0,0,0,1,Isco,0.0
17,Champions League,Real Madrid,0,0,1,0,0,0,0,0,0,1,Isco,0.0099
17,LaLiga,Real Madrid,2,1,2,0,0,2,3,0,0,10,Isco,0.0099
18,Champions League,Real Madrid,0,0,1,0,0,1,1,0,0,3,Marcelo,0.001
18,LaLiga,Real Madrid,0,0,0,0,0,0,2,0,0,2,Marcelo,0.001
17,LaLiga,Real Madrid,0,0,1,0,0,0,1,0,0,2,Marcelo,0.0075
17,Copa del Rey,Real Madrid,0,0,0,0,0,1,0,0,0,1,Marcelo,0.0075
21,Serie A,Juventus FC,0,0,0,0,0,0,2,0,,2,Leonardo Bonucci,0.0066
17,Italy Cup,Juventus FC,0,1,0,0,0,0,0,0,,1,Leonardo Bonucci,0.005
17,Serie A,Juventus FC,0,0,0,0,2,1,0,0,,3,Leonardo Bonucci,0.005
17,Champions League,Juventus FC,0,0,0,0,0,0,1,0,,1,Leonardo Bonucci,0.005
22,Premier League,Liverpool FC,2,3,2,0,2,4,2,1,0,16,Sadio Mané,0.1297
22,Champions League,Liverpool FC,0,1,2,0,1,1,0,0,0,5,Sadio Mané,0.1297
22,FA Cup,Liverpool FC,0,1,1,0,0,0,0,0,0,2,Sadio Mané,0.1297
19,Premier League,Liverpool FC,3,8,1,1,2,2,2,3,0,22,Sadio Mané,0.1232
19,Champions League,Liverpool FC,0,2,0,0,0,0,2,0,0,4,Sadio Mané,0.1232
18,Champions League,Liverpool FC,1,2,1,0,4,0,2,0,0,10,Sadio Mané,0.001
18,Premier League,Liverpool FC,1,2,1,0,2,3,1,0,0,10,Sadio Mané,0.001
17,Premier League,Liverpool FC,1,5,3,0,1,2,0,1,0,13,Sadio Mané,0.0036
17,DFB-Pokal,Bayern Munich,0,0,1,0,0,0,1,0,,2,Mats Hummels,0.0011
17,Bundesliga,Bayern Munich,0,0,0,0,1,0,0,0,,1,Mats Hummels,0.0011
17,Premier League,Liverpool FC,0,2,3,1,4,3,0,0,,13,Philippe Coutinho,0.0
17,EFL Cup,Liverpool FC,0,0,0,0,1,0,0,0,,1,Philippe Coutinho,0.0
17,Serie A,SSC Napoli,2,4,4,0,7,8,3,0,,28,Dries Mertens,0.0
17,Italy Cup,SSC Napoli,0,0,0,0,0,1,0,0,,1,Dries Mertens,0.0
17,Champions League,SSC Napoli,0,2,0,0,2,0,1,0,,5,Dries Mertens,0.0
23,Premier League,Liverpool FC,5,1,5,0,0,3,5,0,,19,Mohamed Salah,0.0088
23,Champions League,Liverpool FC,1,1,1,0,1,0,4,0,,8,Mohamed Salah,0.0088
23,FA Cup,Liverpool FC,0,0,0,0,1,0,0,0,,1,Mohamed Salah,0.0088
23,EFL Cup,Liverpool FC,0,0,0,0,1,0,0,0,,1,Mohamed Salah,0.0088
23,Community Shield,Liverpool FC,0,0,0,0,0,0,1,0,,1,Mohamed Salah,0.0088
22,Premier League,Liverpool FC,1,5,2,2,3,6,4,0,,23,Mohamed Salah,0.078
22,Champions League,Liverpool FC,1,1,1,0,2,1,2,0,,8,Mohamed Salah,0.078
21,Premier League,Liverpool FC,3,2,4,0,3,5,5,0,,22,Mohamed Salah,0.0445
21,Champions League,Liverpool FC,1,0,0,0,3,1,0,1,,6,Mohamed Salah,0.0445
21,FA Cup,Liverpool FC,0,1,0,0,1,1,0,0,,3,Mohamed Salah,0.0445
19,Champions League,Liverpool FC,1,0,2,0,1,1,0,0,,5,Mohamed Salah,0.0632
19,Premier League,Liverpool FC,1,6,1,3,6,2,3,0,,22,Mohamed Salah,0.0632
18,Premier League,Liverpool FC,3,4,7,0,5,5,7,1,,32,Mohamed Salah,0.0653
18,Champions League,Liverpool FC,1,2,3,1,2,0,1,0,,10,Mohamed Salah,0.0653
18,FA Cup,Liverpool FC,0,0,0,0,0,0,1,0,,1,Mohamed Salah,0.0653
18,Champions League Qu.,Liverpool FC,0,1,0,0,0,0,0,0,,1,Mohamed Salah,0.0653
19,Champions League,Liverpool FC,0,2,0,0,0,0,1,1,0,4,Roberto Firmino,0.0039
19,Premier League,Liverpool FC,1,3,1,0,2,4,1,0,0,12,Roberto Firmino,0.0039
18,Champions League,Liverpool FC,2,3,0,0,1,3,1,0,0,10,Roberto Firmino,0.0014
18,Premier League,Liverpool FC,1,1,1,1,7,3,1,0,0,15,Roberto Firmino,0.0014
18,FA Cup,Liverpool FC,1,0,0,0,0,0,0,0,0,1,Roberto Firmino,0.0014
18,Champions League Qu.,Liverpool FC,0,0,0,0,0,1,0,0,0,1,Roberto Firmino,0.0014
18,Serie A,Juventus FC,1,0,2,0,2,0,0,0,0,5,Mario Mandžukić,0.0007
18,Champions League,Juventus FC,1,0,1,0,0,0,2,0,0,4,Mario Mandžukić,0.0007
18,Italy Cup,Juventus FC,0,0,0,0,0,1,0,0,0,1,Mario Mandžukić,0.0007
22,Premier League,Liverpool FC,1,0,0,0,1,0,0,1,,3,Virgil van Dijk,0.0007
19,Premier League,Liverpool FC,1,0,0,0,0,1,2,0,,4,Virgil van Dijk,0.2411
19,Champions League,Liverpool FC,0,0,0,0,0,1,1,0,,2,Virgil van Dijk,0.2411
23,Champions League,Manchester City,0,1,1,0,0,1,0,0,,3,Bernardo Silva,0.0136
23,Premier League,Manchester City,0,0,1,0,1,2,0,0,,4,Bernardo Silva,0.0136
22,Champions League,Manchester City,0,1,1,0,0,1,0,0,,3,Bernardo Silva,0.0
22,Premier League,Manchester City,1,0,3,0,0,2,2,0,,8,Bernardo Silva,0.0
22,FA Cup,Manchester City,1,0,0,0,0,0,0,1,,2,Bernardo Silva,0.0
19,Premier League,Manchester City,2,1,1,0,2,1,0,0,,7,Bernardo Silva,0.0146
19,Champions League,Manchester City,1,0,0,0,0,3,0,0,,4,Bernardo Silva,0.0146
19,FA Cup,Manchester City,0,0,0,0,1,1,0,0,,2,Bernardo Silva,0.0146
19,Eredivisie,Ajax Amsterdam,0,1,1,0,0,0,0,1,0,3,Frenkie de Jong,0.011
21,Premier League,Manchester City,2,3,2,0,1,0,2,0,,10,Raheem Sterling,0.0037
21,FA Cup,Manchester City,0,0,0,0,1,0,0,0,,1,Raheem Sterling,0.0037
21,Champions League,Manchester City,0,0,0,0,0,0,1,0,,1,Raheem Sterling,0.0037
21,EFL Cup,Manchester City,0,0,1,0,1,0,0,0,,2,Raheem Sterling,0.0037
19,FA Cup,Manchester City,1,0,0,0,0,0,2,0,,3,Raheem Sterling,0.0107
19,Champions League,Manchester City,1,1,0,0,2,0,1,0,,5,Raheem Sterling,0.0107
19,Premier League,Manchester City,4,2,0,1,6,3,1,0,,17,Raheem Sterling,0.0107
19,Champions League,Ajax Amsterdam,1,0,0,0,0,1,0,0,,2,Matthijs de Ligt,0.0046
19,Eredivisie,Ajax Amsterdam,0,0,1,0,1,0,1,0,,3,Matthijs de Ligt,0.0046
19,KNVB beker,Ajax Amsterdam,0,0,1,0,0,0,0,0,,1,Matthijs de Ligt,0.0046
19,Champions League Qu.,Ajax Amsterdam,0,0,1,0,0,0,0,0,,1,Matthijs de Ligt,0.0046
22,Premier League,Liverpool FC,0,0,1,0,0,0,1,0,,2,Trent Alexander-Arnold,0.0
19,Premier League,Liverpool FC,0,0,0,0,0,0,1,0,,1,Trent Alexander-Arnold,0.0028
19,Eredivisie,Ajax Amsterdam,2,3,3,1,5,5,9,0,,28,Dušan Tadić,0.0018
19,Champions League,Ajax Amsterdam,0,0,0,0,0,5,1,0,,6,Dušan Tadić,0.0018
19,KNVB beker,Ajax Amsterdam,1,0,0,0,0,0,0,0,,1,Dušan Tadić,0.0018
19,Champions League Qu.,Ajax Amsterdam,0,0,2,0,1,0,0,0,,3,Dušan Tadić,0.0018
22,Premier League,Tottenham Hotspur,1,2,1,1,5,8,5,0,,23,Son Heung-min,0.0034
22,Conference League,Tottenham Hotspur,1,0,0,0,0,0,0,0,,1,Son Heung-min,0.0034
19,Champions League,Tottenham Hotspur,2,0,0,0,1,0,1,0,,4,Son Heung-min,0.0014
19,Premier League,Tottenham Hotspur,0,3,0,1,3,2,2,1,,12,Son Heung-min,0.0014
19,FA Cup,Tottenham Hotspur,0,0,0,0,1,0,0,0,,1,Son Heung-min,0.0014
19,EFL Cup,Tottenham Hotspur,0,2,0,0,1,0,0,0,,3,Son Heung-min,0.0014
19,Serie A,SSC Napoli,1,0,0,0,0,0,1,0,,2,Kalidou Koulibaly,0.0007
19,Champions League,Liverpool FC,0,0,0,0,2,0,0,0,,2,Georginio Wijnaldum,0.0004
19,Premier League,Liverpool FC,0,0,2,0,1,0,0,0,,3,Georginio Wijnaldum,0.0004
19,Liga Portugal,SL Benfica,2,2,5,1,2,2,1,0,,15,João Félix,0.0
19,Europa League,SL Benfica,0,1,1,0,1,0,0,0,,3,João Félix,0.0
19,Taça de Portugal,SL Benfica,1,0,0,0,0,0,0,0,,1,João Félix,0.0
19,Allianz Cup,SL Benfica,0,0,1,0,0,0,0,0,,1,João Félix,0.0
19,Ligue 1,Paris Saint-Germain,2,0,0,0,0,0,1,0,,3,Marquinhos,0.0
19,Champions League,Paris Saint-Germain,0,0,0,0,0,1,0,0,,1,Marquinhos,0.0
19,Eredivisie,Ajax Amsterdam,3,0,2,1,2,0,0,1,,9,Donny van de Beek,0.0
19,Champions League,Ajax Amsterdam,1,0,1,0,0,0,1,0,,3,Donny van de Beek,0.0
19,KNVB beker,Ajax Amsterdam,0,2,1,0,0,1,0,0,,4,Donny van de Beek,0.0
19,Champions League Qu.,Ajax Amsterdam,1,0,0,0,0,0,0,0,,1,Donny van de Beek,0.0
21,Premier League,Chelsea FC,0,2,0,0,1,2,2,0,0,7,Jorginho,0.1691
21,Champions League,Chelsea FC,0,1,0,0,0,0,0,0,0,1,Jorginho,0.1691
23,Premier League,Manchester City,3,6,8,0,6,8,3,2,0,36,Erling Haaland,0.2425
23,Champions League,Manchester City,1,3,1,1,3,1,2,0,0,12,Erling Haaland,0.2425
23,FA Cup,Manchester City,0,0,2,0,1,0,0,0,0,3,Erling Haaland,0.2425
23,EFL Cup,Manchester City,1,0,0,0,0,0,0,0,0,1,Erling Haaland,0.2425
22,Bundesliga,Borussia Dortmund,1,3,4,1,3,4,4,2,0,22,Erling Haaland,0.0121
22,DFB-Pokal,Borussia Dortmund,0,1,1,0,2,0,0,0,0,4,Erling Haaland,0.0121
22,Champions League,Borussia Dortmund,0,0,0,1,0,1,1,0,0,3,Erling Haaland,0.0121
21,Bundesliga,Borussia Dortmund,5,2,4,0,3,5,8,0,0,27,Erling Haaland,0.0121
21,DFB-Pokal,Borussia Dortmund,0,1,0,0,0,0,1,0,1,3,Erling Haaland,0.0121
21,Champions League,Borussia Dortmund,0,3,3,0,2,1,0,1,0,10,Erling Haaland,0.0121
21,DFL-Supercup,Borussia Dortmund,0,0,0,0,1,0,0,0,0,1,Erling Haaland,0.0121
21,Serie A,Inter Milan,3,4,3,0,0,9,4,1,0,24,Romelu Lukaku,0.0096
21,Italy Cup,Inter Milan,0,0,0,0,0,1,0,0,1,2,Romelu Lukaku,0.0096
21,Champions League,Inter Milan,0,0,0,0,1,2,1,0,0,4,Romelu Lukaku,0.0096
21,LaLiga,Atlético de Madrid,2,2,3,0,7,1,4,2,0,21,Luis Suárez,0.0029
21,Europa League,AC Milan,0,0,0,0,0,0,0,1,,1,Simon Kjær,0.0029
21,Champions League,Chelsea FC,0,0,1,0,0,0,1,0,,2,Mason Mount,0.0026
21,Premier League,Chelsea FC,0,0,2,0,2,1,1,0,,6,Mason Mount,0.0026
21,FA Cup,Chelsea FC,0,1,0,0,0,0,0,0,,1,Mason Mount,0.0026
21,Premier League,Manchester United,3,2,3,0,3,3,3,1,0,18,Bruno Fernandes,0.0022
21,Europa League,Manchester United,1,1,0,0,1,1,1,0,0,5,Bruno Fernandes,0.0022
21,FA Cup,Manchester United,0,0,0,0,0,0,1,0,0,1,Bruno Fernandes,0.0022
21,Champions League,Manchester United,1,2,0,0,0,0,1,0,0,4,Bruno Fernandes,0.0022
23,Serie A,Inter Milan,3,2,3,0,4,2,6,1,,21,Lautaro Martínez,0.0027
23,Italy Cup,Inter Milan,0,1,1,0,0,0,1,0,,3,Lautaro Martínez,0.0027
23,Champions League,Inter Milan,0,0,0,0,0,3,0,0,,3,Lautaro Martínez,0.0027
23,Supercoppa Italiana,Inter Milan,0,0,0,0,0,0,1,0,,1,Lautaro Martínez,0.0027
21,Serie A,Inter Milan,1,2,0,1,6,4,3,0,,17,Lautaro Martínez,0.0022
21,Italy Cup,Inter Milan,1,0,0,0,0,0,0,0,,1,Lautaro Martínez,0.0022
21,Champions League,Inter Milan,0,0,1,0,0,0,0,0,,1,Lautaro Martínez,0.0022
21,LaLiga,FC Barcelona,1,0,1,0,0,0,1,0,,3,Pedri,0.0011
21,Champions League,FC Barcelona,0,0,0,0,0,0,1,0,,1,Pedri,0.0011
22,Premier League,Manchester City,1,2,1,0,1,2,2,0,,9,Phil Foden,0.0
22,Champions League,Manchester City,1,0,1,0,1,0,0,0,,3,Phil Foden,0.0
22,FA Cup,Manchester City,0,0,0,0,0,1,0,0,,1,Phil Foden,0.0
22,EFL Cup,Manchester City,0,0,0,1,0,0,0,0,,1,Phil Foden,0.0
21,Premier League,Manchester City,0,2,3,0,3,0,1,0,,9,Phil Foden,0.0007
21,Champions League,Manchester City,0,0,1,0,0,1,1,0,,3,Phil Foden,0.0007
21,FA Cup,Manchester City,0,0,1,0,0,0,1,0,,2,Phil Foden,0.0007
21,EFL Cup,Manchester City,0,0,0,0,1,1,0,0,,2,Phil Foden,0.0007
21,Europa League,Villarreal CF,1,1,4,0,0,0,1,0,0,7,Gerard Moreno,0.0004
21,LaLiga,Villarreal CF,6,3,3,0,2,6,3,0,0,23,Gerard Moreno,0.0004
23,Serie A,Inter Milan,3,0,2,0,1,0,0,0,,6,Nicolò Barella,0.0
23,Champions League,Inter Milan,1,0,0,0,2,0,0,0,,3,Nicolò Barella,0.0
21,Serie A,Inter Milan,0,0,1,0,1,0,1,0,,3,Nicolò Barella,0.0004
23,Champions League,Manchester City,0,0,0,0,0,0,0,1,,1,Rúben Dias,0.0
21,Premier League,Manchester City,0,1,0,0,0,0,0,0,,1,Rúben Dias,0.0004
21,Liga Portugal,SL Benfica,0,1,0,0,0,0,0,0,,1,Rúben Dias,0.0004
21,Premier League,Chelsea FC,0,0,1,0,0,0,0,0,,1,Cesar Azpilicueta,0.0
23,Champions League,Real Madrid,0,2,3,0,1,1,0,0,0,7,Vinícius Júnior,0.0333
23,LaLiga,Real Madrid,2,1,2,0,3,2,0,0,0,10,Vinícius Júnior,0.0333
23,Copa del Rey,Real Madrid,0,0,0,1,1,0,0,0,1,3,Vinícius Júnior,0.0333
23,Club World Cup,Real Madrid,1,0,1,0,0,1,0,0,0,3,Vinícius Júnior,0.0333
22,Champions League,Real Madrid,0,0,0,0,4,0,0,0,0,4,Vinícius Júnior,0.041
22,LaLiga,Real Madrid,0,1,1,0,5,4,5,1,0,17,Vinícius Júnior,0.041
22,Supercopa,Real Madrid,0,1,0,0,0,0,0,0,0,1,Vinícius Júnior,0.041
22,Eredivisie,Ajax Amsterdam,1,4,4,0,4,3,4,1,0,21,Sébastien Haller,0.0013
22,Champions League,Ajax Amsterdam,3,1,1,0,2,3,1,0,0,11,Sébastien Haller,0.0013
22,KNVB beker,Ajax Amsterdam,0,1,0,0,1,0,0,0,0,2,Sébastien Haller,0.0013
22,Champions League,Liverpool FC,0,0,0,0,0,1,0,0,,1,Fabinho,0.0013
22,Premier League,Liverpool FC,0,0,2,0,1,0,2,0,,5,Fabinho,0.0013
22,FA Cup,Liverpool FC,0,0,1,0,0,0,0,1,,2,Fabinho,0.0013
22,Serie A,AC Milan,2,3,1,1,1,0,3,0,0,11,Rafael Leão,0.0013
22,Italy Cup,AC Milan,0,1,0,0,0,0,0,0,1,2,Rafael Leão,0.0013
22,Champions League,AC Milan,0,1,0,0,0,0,0,0,0,1,Rafael Leão,0.0013
22,LaLiga,Real Madrid,0,0,1,0,0,0,0,0,,1,Casemiro,0.0007
22,Premier League,Liverpool FC,1,1,0,0,0,1,1,0,,4,Luis Díaz,0.0007
22,Champions League,Liverpool FC,0,0,0,0,0,1,1,0,,2,Luis Díaz,0.0007
22,Liga Portugal,FC Porto,1,2,4,0,2,3,2,0,,14,Luis Díaz,0.0007
22,Champions League,FC Porto,1,0,0,0,0,1,0,0,,2,Luis Díaz,0.0007
22,Serie A,Juventus FC,2,1,0,1,0,2,0,1,,7,Dušan Vlahović,0.0007
22,Italy Cup,Juventus FC,0,0,0,0,1,0,0,0,,1,Dušan Vlahović,0.0007
22,Champions League,Juventus FC,1,0,0,0,0,0,0,0,,1,Dušan Vlahović,0.0007
22,Serie A,ACF Fiorentina,0,1,3,0,7,4,2,0,,17,Dušan Vlahović,0.0007
22,Italy Cup,ACF Fiorentina,1,0,1,1,0,0,0,0,,3,Dušan Vlahović,0.0007
22,Premier League,Manchester City,0,1,0,0,0,0,0,0,,1,João Cancelo,0.0
22,Champions League,Manchester City,0,1,0,0,0,1,0,0,,2,João Cancelo,0.0
22,Bundesliga,Bayern Munich,0,1,1,0,0,1,0,0,,3,Joshua Kimmich,0.0
22,DFB-Pokal,RB Leipzig,0,2,0,0,1,0,1,0,,4,Christopher Nkunku,0.0
22,Bundesliga,RB Leipzig,3,2,1,0,5,6,2,1,,20,Christopher Nkunku,0.0
22,Europa League,RB Leipzig,0,2,0,0,0,1,1,0,,4,Christopher Nkunku,0.0
22,Champions League,RB Leipzig,3,0,1,0,1,1,0,1,,7,Christopher Nkunku,0.0
22,Liga Portugal,SL Benfica,6,2,7,0,6,5,0,0,,26,Darwin Núñez,0.0
22,Champions League,SL Benfica,1,0,0,0,1,1,3,0,,6,Darwin Núñez,0.0
22,Allianz Cup,SL Benfica,0,0,0,0,0,2,0,0,,2,Darwin Núñez,0.0
22,Champions League,Chelsea FC,0,0,0,0,1,0,0,0,,1,Antonio Rüdiger,0.0
22,Premier League,Chelsea FC,1,0,0,0,1,0,0,1,,3,Antonio Rüdiger,0.0
22,EFL Cup,Chelsea FC,0,1,0,0,0,0,0,0,,1,Antonio Rüdiger,0.0
23,Champions League,Manchester City,0,1,0,0,0,1,0,0,,2,Rodri,0.0387
23,Premier League,Manchester City,1,0,0,1,0,0,0,0,,2,Rodri,0.0387
23,Premier League,Manchester City,2,2,1,0,1,2,1,0,,9,Julián Álvarez,0.019
23,Champions League,Manchester City,0,0,0,0,0,1,1,1,,3,Julián Álvarez,0.019
23,FA Cup,Manchester City,0,1,0,0,0,2,0,0,,3,Julián Álvarez,0.019
23,EFL Cup,Manchester City,0,0,0,0,1,0,0,0,,1,Julián Álvarez,0.019
23,Community Shield,Manchester City,0,0,0,0,0,1,0,0,,1,Julián Álvarez,0.019
23,Serie A,SSC Napoli,5,5,1,2,4,7,2,0,,26,Victor Osimhen,0.0163
23,Champions League,SSC Napoli,0,0,1,1,1,0,1,1,,5,Victor Osimhen,0.0163
23,FA Cup,Manchester City,1,0,0,0,1,0,0,0,0,2,İlkay Gündoğan,0.0054
23,Premier League,Manchester City,1,3,2,0,2,0,0,0,0,8,İlkay Gündoğan,0.0054
23,Champions League,Manchester City,0,0,0,0,1,0,0,0,0,1,İlkay Gündoğan,0.0054
23,Serie A,SSC Napoli,1,1,6,0,2,2,0,0,,12,Khvicha Kvaratskhelia,0.0041
23,Champions League,SSC Napoli,0,0,0,0,0,2,0,0,,2,Khvicha Kvaratskhelia,0.0041
23,Bundesliga,Borussia Dortmund,1,3,0,0,3,0,1,0,,8,Jude Bellingham,0.0034
23,DFB-Pokal,Borussia Dortmund,0,0,1,0,0,1,0,0,,2,Jude Bellingham,0.0034
23,Champions League,Borussia Dortmund,0,0,2,0,1,0,1,0,,4,Jude Bellingham,0.0034
23,Serie A,SSC Napoli,0,0,1,0,0,0,0,1,,2,Kim Min-jae,0.002
23,Premier League,Arsenal FC,1,2,4,1,3,1,2,0,0,14,Bukayo Saka,0.0007
23,Europa League,Arsenal FC,0,1,0,0,0,0,0,0,0,1,Bukayo Saka,0.0007
23,Bundesliga,RB Leipzig,0,0,0,0,0,0,1,0,,1,Joško Gvardiol,0.0007
23,Champions League,RB Leipzig,1,0,0,0,0,1,0,0,,2,Joško Gvardiol,0.0007
23,Bundesliga,Bayern Munich,2,3,2,1,1,1,2,0,,12,Jamal Musiala,0.0
23,DFB-Pokal,Bayern Munich,0,1,0,0,0,2,0,0,,3,Jamal Musiala,0.0
23,DFL-Supercup,Bayern Munich,1,0,0,0,0,0,0,0,,1,Jamal Musiala,0.0
23,Bundesliga,Eintracht Frankfurt,1,4,2,0,3,3,2,0,,15,Randal Kolo Muani,0.0
23,DFB-Pokal,Eintracht Frankfurt,4,0,0,0,0,0,2,0,,6,Randal Kolo Muani,0.0
23,Champions League,Eintracht Frankfurt,0,1,0,0,0,1,0,0,,2,Randal Kolo Muani,0.0
23,Premier League,Arsenal FC,4,1,3,1,1,3,2,0,,15,Martin Ødegaard,0.0
