,week,lionel messi,cristiano ronaldo,manuel neuer,fernando torres,virgil van,luka modrić,antoine griezmann,neymar ,xavi ,andrés iniesta,erling haaland,kylian mbappé,karim benzema,sadio mané,kevin de,robert lewandowski,jorginho ,franck ribéry
0,2008-01-06,7.0,35.0,,3.0,,,,,,,,,,,,,,
1,2008-01-13,7.0,40.0,,3.0,,,,,,,,,,,,,,
2,2008-01-20,7.0,36.0,,3.0,,,,,,,,,,,,,,
3,2008-01-27,7.0,43.0,,3.0,,,,,,,,,,,,,,
4,2008-02-03,7.0,39.0,,3.0,,,,,,,,,,,,,,
5,2008-02-10,6.0,46.0,,2.0,,,,,,,,,,,,,,
6,2008-02-17,8.0,38.0,,3.0,,,,,,,,,,,,,,
7,2008-02-24,7.0,36.0,,3.0,,,,,,,,,,,,,,
8,2008-03-02,12.0,35.0,,5.0,,,,,,,,,,,,,,
9,2008-03-09,8.0,34.0,,8.0,,,,,,,,,,,,,,
10,2008-03-16,7.0,38.0,,6.0,,,,,,,,,,,,,,
11,2008-03-23,7.0,38.0,,4.0,,,,,,,,,,,,,,
12,2008-03-30,7.0,50.0,,5.0,,,,,,,,,,,,,,
13,2008-04-06,8.0,46.0,,7.0,,,,,,,,,,,,,,
14,2008-04-13,7.0,45.0,,6.0,,,,,,,,,,,,,,
15,2008-04-20,10.0,51.0,,5.0,,,,,,,,,,,,,,
16,2008-04-27,12.0,85.0,,6.0,,,,,,,,,,,,,,
17,2008-05-04,12.0,62.0,,5.0,,,,,,,,,,,,,,
18,2008-05-11,9.0,58.0,,5.0,,,,,,,,,,,,,,
19,2008-05-18,9.0,75.0,,4.0,,,,,,,,,,,,,,
20,2008-05-25,8.0,68.0,,5.0,,,,,,,,,,,,,,
21,2008-06-01,9.0,80.0,,6.0,,,,,,,,,,,,,,
22,2008-06-08,8.0,100.0,,11.0,,,,,,,,,,,,,,
23,2008-06-15,9.0,96.0,,9.0,,,,,,,,,,,,,,
24,2008-06-22,9.0,78.0,,16.0,,,,,,,,,,,,,,
25,2008-06-29,9.0,65.0,,50.0,,,,,,,,,,,,,,
26,2008-07-06,8.0,58.0,,13.0,,,,,,,,,,,,,,
27,2008-07-13,8.0,60.0,,9.0,,,,,,,,,,,,,,
28,2008-07-20,9.0,56.0,,7.0,,,,,,,,,,,,,,
29,2008-07-27,10.0,50.0,,6.0,,,,,,,,,,,,,,
30,2008-08-03,10.0,48.0,,6.0,,,,,,,,,,,,,,
31,2008-08-10,8.0,42.0,,6.0,,,,,,,,,,,,,,
32,2008-08-17,11.0,39.0,,6.0,,,,,,,,,,,,,,
33,2008-08-24,9.0,41.0,,5.0,,,,,,,,,,,,,,
34,2008-08-31,9.0,41.0,,8.0,,,,,,,,,,,,,,
35,2008-09-07,8.0,38.0,,5.0,,,,,,,,,,,,,,
36,2008-09-14,8.0,43.0,,5.0,,,,,,,,,,,,,,
37,2008-09-21,8.0,45.0,,5.0,,,,,,,,,,,,,,
38,2008-09-28,10.0,40.0,,5.0,,,,,,,,,,,,,,
39,2008-10-05,10.0,38.0,,6.0,,,,,,,,,,,,,,
40,2008-10-12,9.0,35.0,,6.0,,,,,,,,,,,,,,
41,2008-10-19,9.0,40.0,,6.0,,,,,,,,,,,,,,
42,2008-10-26,8.0,38.0,,5.0,,,,,,,,,,,,,,
43,2008-11-02,9.0,38.0,,6.0,,,,,,,,,,,,,,
44,2008-11-09,8.0,38.0,,5.0,,,,,,,,,,,,,,
45,2008-11-16,9.0,45.0,,5.0,,,,,,,,,,,,,,
46,2008-11-23,9.0,40.0,,4.0,,,,,,,,,,,,,,
47,2008-11-30,11.0,48.0,,5.0,,,,,,,,,,,,,,
48,2008-12-07,10.0,51.0,,4.0,,,,,,,,,,,,,,
49,2008-12-14,12.0,44.0,,4.0,,,,,,,,,,,,,,
50,2008-12-21,10.0,43.0,,5.0,,,,,,,,,,,,,,
51,2008-12-28,10.0,43.0,,5.0,,,,,,,,,,,,,,
52,2009-01-04,10.0,47.0,,,,,,,1.0,,,,,,,,,
53,2009-01-11,10.0,50.0,,,,,,,1.0,,,,,,,,,
54,2009-01-18,9.0,35.0,,,,,,,1.0,,,,,,,,,
55,2009-01-25,10.0,34.0,,,,,,,1.0,,,,,,,,,
56,2009-02-01,10.0,32.0,,,,,,,1.0,,,,,,,,,
57,2009-02-08,11.0,31.0,,,,,,,1.0,,,,,,,,,
58,2009-02-15,8.0,30.0,,,,,,,1.0,,,,,,,,,
59,2009-02-22,8.0,32.0,,,,,,,1.0,,,,,,,,,
60,2009-03-01,9.0,36.0,,,,,,,1.0,,,,,,,,,
61,2009-03-08,9.0,43.0,,,,,,,1.0,,,,,,,,,
62,2009-03-15,10.0,35.0,,,,,,,1.0,,,,,,,,,
63,2009-03-22,9.0,33.0,,,,,,,1.0,,,,,,,,,
64,2009-03-29,10.0,33.0,,,,,,,1.0,,,,,,,,,
65,2009-04-05,11.0,34.0,,,,,,,1.0,,,,,,,,,
66,2009-04-12,11.0,48.0,,,,,,,1.0,,,,,,,,,
67,2009-04-19,9.0,37.0,,,,,,,1.0,,,,,,,,,
68,2009-04-26,12.0,46.0,,,,,,,1.0,,,,,,,,,
69,2009-05-03,17.0,51.0,,,,,,,2.0,,,,,,,,,
70,2009-05-10,11.0,48.0,,,,,,,1.0,,,,,,,,,
71,2009-05-17,12.0,42.0,,,,,,,1.0,,,,,,,,,
72,2009-05-24,35.0,58.0,,,,,,,3.0,,,,,,,,,
73,2009-05-31,17.0,45.0,,,,,,,2.0,,,,,,,,,
74,2009-06-07,14.0,100.0,,,,,,,1.0,,,,,,,,,
75,2009-06-14,12.0,79.0,,,,,,,1.0,,,,,,,,,
76,2009-06-21,10.0,61.0,,,,,,,1.0,,,,,,,,,
77,2009-06-28,10.0,53.0,,,,,,,1.0,,,,,,,,,
78,2009-07-05,10.0,86.0,,,,,,,1.0,,,,,,,,,
79,2009-07-12,10.0,51.0,,,,,,,1.0,,,,,,,,,
80,2009-07-19,10.0,45.0,,,,,,,1.0,,,,,,,,,
81,2009-07-26,10.0,46.0,,,,,,,1.0,,,,,,,,,
82,2009-08-02,10.0,43.0,,,,,,,1.0,,,,,,,,,
83,2009-08-09,10.0,40.0,,,,,,,1.0,,,,,,,,,
84,2009-08-16,10.0,36.0,,,,,,,1.0,,,,,,,,,
85,2009-08-23,12.0,37.0,,,,,,,1.0,,,,,,,,,
86,2009-08-30,11.0,37.0,,,,,,,1.0,,,,,,,,,
87,2009-09-06,11.0,34.0,,,,,,,1.0,,,,,,,,,
88,2009-09-13,11.0,38.0,,,,,,,1.0,,,,,,,,,
89,2009-09-20,13.0,41.0,,,,,,,1.0,,,,,,,,,
90,2009-09-27,11.0,40.0,,,,,,,1.0,,,,,,,,,
91,2009-10-04,10.0,38.0,,,,,,,1.0,,,,,,,,,
92,2009-10-11,10.0,38.0,,,,,,,1.0,,,,,,,,,
93,2009-10-18,9.0,38.0,,,,,,,1.0,,,,,,,,,
94,2009-10-25,9.0,36.0,,,,,,,1.0,,,,,,,,,
95,2009-11-01,9.0,36.0,,,,,,,1.0,,,,,,,,,
96,2009-11-08,9.0,37.0,,,,,,,1.0,,,,,,,,,
97,2009-11-15,9.0,31.0,,,,,,,1.0,,,,,,,,,
98,2009-11-22,11.0,36.0,,,,,,,1.0,,,,,,,,,
99,2009-11-29,18.0,35.0,,,,,,,2.0,,,,,,,,,
100,2009-12-06,16.0,44.0,,,,,,,2.0,,,,,,,,,
101,2009-12-13,13.0,35.0,,,,,,,1.0,,,,,,,,,
102,2009-12-20,22.0,41.0,,,,,,,1.0,,,,,,,,,
103,2009-12-27,13.0,37.0,,,,,,,1.0,,,,,,,,,
104,2010-01-03,13.0,,,,,,,,1.0,1.0,,,,,,,,
105,2010-01-10,14.0,,,,,,,,2.0,1.0,,,,,,,,
106,2010-01-17,15.0,,,,,,,,2.0,1.0,,,,,,,,
107,2010-01-24,12.0,,,,,,,,2.0,1.0,,,,,,,,
108,2010-01-31,13.0,,,,,,,,1.0,1.0,,,,,,,,
109,2010-02-07,12.0,,,,,,,,1.0,1.0,,,,,,,,
110,2010-02-14,12.0,,,,,,,,2.0,1.0,,,,,,,,
111,2010-02-21,13.0,,,,,,,,2.0,1.0,,,,,,,,
112,2010-02-28,13.0,,,,,,,,2.0,1.0,,,,,,,,
113,2010-03-07,13.0,,,,,,,,1.0,1.0,,,,,,,,
114,2010-03-14,27.0,,,,,,,,2.0,2.0,,,,,,,,
115,2010-03-21,44.0,,,,,,,,1.0,1.0,,,,,,,,
116,2010-03-28,28.0,,,,,,,,2.0,1.0,,,,,,,,
117,2010-04-04,100.0,,,,,,,,3.0,2.0,,,,,,,,
118,2010-04-11,57.0,,,,,,,,3.0,2.0,,,,,,,,
119,2010-04-18,38.0,,,,,,,,2.0,2.0,,,,,,,,
120,2010-04-25,34.0,,,,,,,,2.0,2.0,,,,,,,,
121,2010-05-02,33.0,,,,,,,,3.0,1.0,,,,,,,,
122,2010-05-09,32.0,,,,,,,,2.0,1.0,,,,,,,,
123,2010-05-16,37.0,,,,,,,,2.0,2.0,,,,,,,,
124,2010-05-23,32.0,,,,,,,,2.0,1.0,,,,,,,,
125,2010-05-30,30.0,,,,,,,,2.0,1.0,,,,,,,,
126,2010-06-06,54.0,,,,,,,,3.0,3.0,,,,,,,,
127,2010-06-13,64.0,,,,,,,,3.0,3.0,,,,,,,,
128,2010-06-20,67.0,,,,,,,,3.0,3.0,,,,,,,,
129,2010-06-27,82.0,,,,,,,,4.0,3.0,,,,,,,,
130,2010-07-04,58.0,,,,,,,,8.0,6.0,,,,,,,,
131,2010-07-11,46.0,,,,,,,,13.0,49.0,,,,,,,,
132,2010-07-18,31.0,,,,,,,,3.0,6.0,,,,,,,,
133,2010-07-25,26.0,,,,,,,,2.0,4.0,,,,,,,,
134,2010-08-01,26.0,,,,,,,,2.0,3.0,,,,,,,,
135,2010-08-08,24.0,,,,,,,,2.0,2.0,,,,,,,,
136,2010-08-15,22.0,,,,,,,,2.0,2.0,,,,,,,,
137,2010-08-22,26.0,,,,,,,,2.0,2.0,,,,,,,,
138,2010-08-29,25.0,,,,,,,,2.0,3.0,,,,,,,,
139,2010-09-05,23.0,,,,,,,,2.0,2.0,,,,,,,,
140,2010-09-12,28.0,,,,,,,,2.0,2.0,,,,,,,,
141,2010-09-19,48.0,,,,,,,,2.0,4.0,,,,,,,,
142,2010-09-26,26.0,,,,,,,,2.0,2.0,,,,,,,,
143,2010-10-03,25.0,,,,,,,,2.0,2.0,,,,,,,,
144,2010-10-10,24.0,,,,,,,,2.0,2.0,,,,,,,,
145,2010-10-17,25.0,,,,,,,,2.0,2.0,,,,,,,,
146,2010-10-24,23.0,,,,,,,,2.0,2.0,,,,,,,,
147,2010-10-31,25.0,,,,,,,,3.0,2.0,,,,,,,,
148,2010-11-07,23.0,,,,,,,,2.0,1.0,,,,,,,,
149,2010-11-14,37.0,,,,,,,,2.0,2.0,,,,,,,,
150,2010-11-21,31.0,,,,,,,,2.0,2.0,,,,,,,,
151,2010-11-28,39.0,,,,,,,,6.0,3.0,,,,,,,,
152,2010-12-05,31.0,,,,,,,,4.0,4.0,,,,,,,,
153,2010-12-12,31.0,,,,,,,,4.0,4.0,,,,,,,,
154,2010-12-19,30.0,,,,,,,,4.0,4.0,,,,,,,,
155,2010-12-26,29.0,,,,,,,,3.0,4.0,,,,,,,,
156,2011-01-02,27.0,50.0,,,,,,,5.0,,,,,,,,,
157,2011-01-09,54.0,58.0,,,,,,,6.0,,,,,,,,,
158,2011-01-16,31.0,52.0,,,,,,,3.0,,,,,,,,,
159,2011-01-23,29.0,54.0,,,,,,,3.0,,,,,,,,,
160,2011-01-30,28.0,54.0,,,,,,,2.0,,,,,,,,,
161,2011-02-06,38.0,59.0,,,,,,,3.0,,,,,,,,,
162,2011-02-13,34.0,100.0,,,,,,,3.0,,,,,,,,,
163,2011-02-20,29.0,58.0,,,,,,,3.0,,,,,,,,,
164,2011-02-27,30.0,51.0,,,,,,,2.0,,,,,,,,,
165,2011-03-06,46.0,47.0,,,,,,,3.0,,,,,,,,,
166,2011-03-13,35.0,50.0,,,,,,,3.0,,,,,,,,,
167,2011-03-20,31.0,48.0,,,,,,,3.0,,,,,,,,,
168,2011-03-27,35.0,47.0,,,,,,,3.0,,,,,,,,,
169,2011-04-03,40.0,51.0,,,,,,,3.0,,,,,,,,,
170,2011-04-10,46.0,58.0,,,,,,,3.0,,,,,,,,,
171,2011-04-17,48.0,79.0,,,,,,,3.0,,,,,,,,,
172,2011-04-24,91.0,70.0,,,,,,,4.0,,,,,,,,,
173,2011-05-01,53.0,62.0,,,,,,,3.0,,,,,,,,,
174,2011-05-08,47.0,68.0,,,,,,,3.0,,,,,,,,,
175,2011-05-15,41.0,67.0,,,,,,,2.0,,,,,,,,,
176,2011-05-22,57.0,69.0,,,,,,,4.0,,,,,,,,,
177,2011-05-29,73.0,55.0,,,,,,,6.0,,,,,,,,,
178,2011-06-05,40.0,66.0,,,,,,,3.0,,,,,,,,,
179,2011-06-12,40.0,57.0,,,,,,,3.0,,,,,,,,,
180,2011-06-19,41.0,51.0,,,,,,,2.0,,,,,,,,,
181,2011-06-26,41.0,47.0,,,,,,,2.0,,,,,,,,,
182,2011-07-03,42.0,46.0,,,,,,,2.0,,,,,,,,,
183,2011-07-10,41.0,46.0,,,,,,,2.0,,,,,,,,,
184,2011-07-17,38.0,46.0,,,,,,,2.0,,,,,,,,,
185,2011-07-24,39.0,49.0,,,,,,,2.0,,,,,,,,,
186,2011-07-31,34.0,46.0,,,,,,,3.0,,,,,,,,,
187,2011-08-07,37.0,49.0,,,,,,,3.0,,,,,,,,,
188,2011-08-14,57.0,59.0,,,,,,,5.0,,,,,,,,,
189,2011-08-21,48.0,52.0,,,,,,,4.0,,,,,,,,,
190,2011-08-28,47.0,52.0,,,,,,,3.0,,,,,,,,,
191,2011-09-04,39.0,50.0,,,,,,,3.0,,,,,,,,,
192,2011-09-11,35.0,54.0,,,,,,,3.0,,,,,,,,,
193,2011-09-18,36.0,50.0,,,,,,,3.0,,,,,,,,,
194,2011-09-25,42.0,51.0,,,,,,,2.0,,,,,,,,,
195,2011-10-02,37.0,49.0,,,,,,,2.0,,,,,,,,,
196,2011-10-09,36.0,48.0,,,,,,,2.0,,,,,,,,,
197,2011-10-16,37.0,45.0,,,,,,,2.0,,,,,,,,,
198,2011-10-23,35.0,54.0,,,,,,,3.0,,,,,,,,,
199,2011-10-30,50.0,60.0,,,,,,,2.0,,,,,,,,,
200,2011-11-06,40.0,59.0,,,,,,,2.0,,,,,,,,,
201,2011-11-13,38.0,55.0,,,,,,,2.0,,,,,,,,,
202,2011-11-20,36.0,57.0,,,,,,,3.0,,,,,,,,,
203,2011-11-27,37.0,56.0,,,,,,,2.0,,,,,,,,,
204,2011-12-04,42.0,61.0,,,,,,,3.0,,,,,,,,,
205,2011-12-11,44.0,61.0,,,,,,,3.0,,,,,,,,,
206,2011-12-18,58.0,59.0,,,,,,,4.0,,,,,,,,,
207,2011-12-25,45.0,57.0,,,,,,,3.0,,,,,,,,,
208,2012-01-01,30.0,40.0,,,,,,,,1.0,,,,,,,,
209,2012-01-08,43.0,45.0,,,,,,,,1.0,,,,,,,,
210,2012-01-15,41.0,43.0,,,,,,,,2.0,,,,,,,,
211,2012-01-22,39.0,45.0,,,,,,,,2.0,,,,,,,,
212,2012-01-29,29.0,42.0,,,,,,,,1.0,,,,,,,,
213,2012-02-05,29.0,49.0,,,,,,,,1.0,,,,,,,,
214,2012-02-12,30.0,45.0,,,,,,,,1.0,,,,,,,,
215,2012-02-19,34.0,41.0,,,,,,,,1.0,,,,,,,,
216,2012-02-26,35.0,48.0,,,,,,,,2.0,,,,,,,,
217,2012-03-04,57.0,43.0,,,,,,,,2.0,,,,,,,,
218,2012-03-11,42.0,43.0,,,,,,,,2.0,,,,,,,,
219,2012-03-18,52.0,43.0,,,,,,,,1.0,,,,,,,,
220,2012-03-25,43.0,43.0,,,,,,,,2.0,,,,,,,,
221,2012-04-01,44.0,50.0,,,,,,,,2.0,,,,,,,,
222,2012-04-08,48.0,53.0,,,,,,,,2.0,,,,,,,,
223,2012-04-15,52.0,59.0,,,,,,,,3.0,,,,,,,,
224,2012-04-22,58.0,77.0,,,,,,,,3.0,,,,,,,,
225,2012-04-29,47.0,54.0,,,,,,,,1.0,,,,,,,,
226,2012-05-06,45.0,43.0,,,,,,,,1.0,,,,,,,,
227,2012-05-13,37.0,47.0,,,,,,,,1.0,,,,,,,,
228,2012-05-20,33.0,40.0,,,,,,,,2.0,,,,,,,,
229,2012-05-27,35.0,41.0,,,,,,,,1.0,,,,,,,,
230,2012-06-03,39.0,52.0,,,,,,,,2.0,,,,,,,,
231,2012-06-10,49.0,62.0,,,,,,,,5.0,,,,,,,,
232,2012-06-17,49.0,100.0,,,,,,,,5.0,,,,,,,,
233,2012-06-24,42.0,92.0,,,,,,,,11.0,,,,,,,,
234,2012-07-01,34.0,56.0,,,,,,,,15.0,,,,,,,,
235,2012-07-08,32.0,43.0,,,,,,,,15.0,,,,,,,,
236,2012-07-15,28.0,42.0,,,,,,,,3.0,,,,,,,,
237,2012-07-22,30.0,40.0,,,,,,,,2.0,,,,,,,,
238,2012-07-29,27.0,36.0,,,,,,,,2.0,,,,,,,,
239,2012-08-05,26.0,36.0,,,,,,,,2.0,,,,,,,,
240,2012-08-12,29.0,38.0,,,,,,,,2.0,,,,,,,,
241,2012-08-19,32.0,40.0,,,,,,,,3.0,,,,,,,,
242,2012-08-26,39.0,56.0,,,,,,,,9.0,,,,,,,,
243,2012-09-02,33.0,79.0,,,,,,,,4.0,,,,,,,,
244,2012-09-09,32.0,53.0,,,,,,,,2.0,,,,,,,,
245,2012-09-16,33.0,48.0,,,,,,,,2.0,,,,,,,,
246,2012-09-23,30.0,44.0,,,,,,,,2.0,,,,,,,,
247,2012-09-30,32.0,45.0,,,,,,,,2.0,,,,,,,,
248,2012-10-07,40.0,52.0,,,,,,,,2.0,,,,,,,,
249,2012-10-14,37.0,43.0,,,,,,,,2.0,,,,,,,,
250,2012-10-21,39.0,45.0,,,,,,,,2.0,,,,,,,,
251,2012-10-28,45.0,46.0,,,,,,,,2.0,,,,,,,,
252,2012-11-04,39.0,41.0,,,,,,,,1.0,,,,,,,,
253,2012-11-11,43.0,54.0,,,,,,,,1.0,,,,,,,,
254,2012-11-18,38.0,50.0,,,,,,,,2.0,,,,,,,,
255,2012-11-25,37.0,42.0,,,,,,,,3.0,,,,,,,,
256,2012-12-02,61.0,46.0,,,,,,,,2.0,,,,,,,,
257,2012-12-09,62.0,43.0,,,,,,,,2.0,,,,,,,,
258,2012-12-16,49.0,51.0,,,,,,,,2.0,,,,,,,,
259,2012-12-23,46.0,50.0,,,,,,,,2.0,,,,,,,,
260,2012-12-30,38.0,45.0,,,,,,,,2.0,,,,,,,,
261,2013-01-06,97.0,84.0,,,,,,,,,,,,,,,,1.0
262,2013-01-13,51.0,56.0,,,,,,,,,,,,,,,,1.0
263,2013-01-20,44.0,53.0,,,,,,,,,,,,,,,,2.0
264,2013-01-27,56.0,59.0,,,,,,,,,,,,,,,,1.0
265,2013-02-03,50.0,72.0,,,,,,,,,,,,,,,,2.0
266,2013-02-10,47.0,75.0,,,,,,,,,,,,,,,,2.0
267,2013-02-17,50.0,57.0,,,,,,,,,,,,,,,,2.0
268,2013-02-24,49.0,74.0,,,,,,,,,,,,,,,,2.0
269,2013-03-03,47.0,81.0,,,,,,,,,,,,,,,,2.0
270,2013-03-10,65.0,62.0,,,,,,,,,,,,,,,,2.0
271,2013-03-17,57.0,66.0,,,,,,,,,,,,,,,,2.0
272,2013-03-24,50.0,62.0,,,,,,,,,,,,,,,,4.0
273,2013-03-31,64.0,65.0,,,,,,,,,,,,,,,,4.0
274,2013-04-07,67.0,73.0,,,,,,,,,,,,,,,,3.0
275,2013-04-14,53.0,67.0,,,,,,,,,,,,,,,,2.0
276,2013-04-21,60.0,74.0,,,,,,,,,,,,,,,,7.0
277,2013-04-28,58.0,80.0,,,,,,,,,,,,,,,,8.0
278,2013-05-05,47.0,70.0,,,,,,,,,,,,,,,,3.0
279,2013-05-12,43.0,65.0,,,,,,,,,,,,,,,,8.0
280,2013-05-19,44.0,61.0,,,,,,,,,,,,,,,,11.0
281,2013-05-26,46.0,59.0,,,,,,,,,,,,,,,,7.0
282,2013-06-02,44.0,70.0,,,,,,,,,,,,,,,,4.0
283,2013-06-09,53.0,72.0,,,,,,,,,,,,,,,,2.0
284,2013-06-16,46.0,69.0,,,,,,,,,,,,,,,,4.0
285,2013-06-23,50.0,65.0,,,,,,,,,,,,,,,,2.0
286,2013-06-30,62.0,67.0,,,,,,,,,,,,,,,,2.0
287,2013-07-07,44.0,58.0,,,,,,,,,,,,,,,,2.0
288,2013-07-14,42.0,61.0,,,,,,,,,,,,,,,,2.0
289,2013-07-21,40.0,60.0,,,,,,,,,,,,,,,,3.0
290,2013-07-28,64.0,65.0,,,,,,,,,,,,,,,,2.0
291,2013-08-04,44.0,74.0,,,,,,,,,,,,,,,,3.0
292,2013-08-11,38.0,65.0,,,,,,,,,,,,,,,,2.0
293,2013-08-18,40.0,60.0,,,,,,,,,,,,,,,,2.0
294,2013-08-25,40.0,57.0,,,,,,,,,,,,,,,,15.0
295,2013-09-01,41.0,61.0,,,,,,,,,,,,,,,,5.0
296,2013-09-08,43.0,58.0,,,,,,,,,,,,,,,,4.0
297,2013-09-15,45.0,71.0,,,,,,,,,,,,,,,,3.0
298,2013-09-22,46.0,59.0,,,,,,,,,,,,,,,,2.0
299,2013-09-29,45.0,54.0,,,,,,,,,,,,,,,,3.0
300,2013-10-06,39.0,57.0,,,,,,,,,,,,,,,,3.0
301,2013-10-13,38.0,50.0,,,,,,,,,,,,,,,,4.0
302,2013-10-20,42.0,72.0,,,,,,,,,,,,,,,,4.0
303,2013-10-27,42.0,78.0,,,,,,,,,,,,,,,,3.0
304,2013-11-03,45.0,71.0,,,,,,,,,,,,,,,,3.0
305,2013-11-10,51.0,76.0,,,,,,,,,,,,,,,,5.0
306,2013-11-17,51.0,100.0,,,,,,,,,,,,,,,,8.0
307,2013-11-24,42.0,75.0,,,,,,,,,,,,,,,,4.0
308,2013-12-01,42.0,65.0,,,,,,,,,,,,,,,,4.0
309,2013-12-08,48.0,69.0,,,,,,,,,,,,,,,,5.0
310,2013-12-15,43.0,67.0,,,,,,,,,,,,,,,,5.0
311,2013-12-22,49.0,72.0,,,,,,,,,,,,,,,,5.0
312,2013-12-29,46.0,65.0,,,,,,,,,,,,,,,,4.0
313,2014-01-05,21.0,26.0,2.0,,,,,,,,,,,,,,,
314,2014-01-12,31.0,63.0,3.0,,,,,,,,,,,,,,,
315,2014-01-19,17.0,30.0,2.0,,,,,,,,,,,,,,,
316,2014-01-26,16.0,26.0,2.0,,,,,,,,,,,,,,,
317,2014-02-02,15.0,32.0,2.0,,,,,,,,,,,,,,,
318,2014-02-09,15.0,26.0,2.0,,,,,,,,,,,,,,,
319,2014-02-16,18.0,23.0,2.0,,,,,,,,,,,,,,,
320,2014-02-23,14.0,27.0,2.0,,,,,,,,,,,,,,,
321,2014-03-02,18.0,25.0,2.0,,,,,,,,,,,,,,,
322,2014-03-09,17.0,25.0,2.0,,,,,,,,,,,,,,,
323,2014-03-16,19.0,29.0,2.0,,,,,,,,,,,,,,,
324,2014-03-23,25.0,30.0,2.0,,,,,,,,,,,,,,,
325,2014-03-30,19.0,30.0,2.0,,,,,,,,,,,,,,,
326,2014-04-06,19.0,32.0,2.0,,,,,,,,,,,,,,,
327,2014-04-13,21.0,34.0,2.0,,,,,,,,,,,,,,,
328,2014-04-20,18.0,34.0,2.0,,,,,,,,,,,,,,,
329,2014-04-27,19.0,45.0,3.0,,,,,,,,,,,,,,,
330,2014-05-04,18.0,37.0,2.0,,,,,,,,,,,,,,,
331,2014-05-11,18.0,31.0,2.0,,,,,,,,,,,,,,,
332,2014-05-18,19.0,47.0,2.0,,,,,,,,,,,,,,,
333,2014-05-25,21.0,52.0,2.0,,,,,,,,,,,,,,,
334,2014-06-01,22.0,41.0,2.0,,,,,,,,,,,,,,,
335,2014-06-08,32.0,56.0,2.0,,,,,,,,,,,,,,,
336,2014-06-15,62.0,78.0,5.0,,,,,,,,,,,,,,,
337,2014-06-22,60.0,79.0,4.0,,,,,,,,,,,,,,,
338,2014-06-29,55.0,45.0,14.0,,,,,,,,,,,,,,,
339,2014-07-06,70.0,46.0,18.0,,,,,,,,,,,,,,,
340,2014-07-13,100.0,40.0,25.0,,,,,,,,,,,,,,,
341,2014-07-20,31.0,35.0,5.0,,,,,,,,,,,,,,,
342,2014-07-27,27.0,31.0,4.0,,,,,,,,,,,,,,,
343,2014-08-03,23.0,30.0,3.0,,,,,,,,,,,,,,,
344,2014-08-10,20.0,32.0,3.0,,,,,,,,,,,,,,,
345,2014-08-17,20.0,32.0,3.0,,,,,,,,,,,,,,,
346,2014-08-24,20.0,32.0,3.0,,,,,,,,,,,,,,,
347,2014-08-31,18.0,27.0,3.0,,,,,,,,,,,,,,,
348,2014-09-07,17.0,28.0,3.0,,,,,,,,,,,,,,,
349,2014-09-14,17.0,31.0,3.0,,,,,,,,,,,,,,,
350,2014-09-21,20.0,31.0,3.0,,,,,,,,,,,,,,,
351,2014-09-28,21.0,29.0,3.0,,,,,,,,,,,,,,,
352,2014-10-05,21.0,33.0,3.0,,,,,,,,,,,,,,,
353,2014-10-12,20.0,29.0,3.0,,,,,,,,,,,,,,,
354,2014-10-19,24.0,37.0,3.0,,,,,,,,,,,,,,,
355,2014-10-26,18.0,33.0,5.0,,,,,,,,,,,,,,,
356,2014-11-02,21.0,33.0,4.0,,,,,,,,,,,,,,,
357,2014-11-09,17.0,29.0,4.0,,,,,,,,,,,,,,,
358,2014-11-16,21.0,30.0,4.0,,,,,,,,,,,,,,,
359,2014-11-23,31.0,35.0,3.0,,,,,,,,,,,,,,,
360,2014-11-30,22.0,30.0,4.0,,,,,,,,,,,,,,,
361,2014-12-07,26.0,36.0,4.0,,,,,,,,,,,,,,,
362,2014-12-14,19.0,31.0,4.0,,,,,,,,,,,,,,,
363,2014-12-21,21.0,38.0,3.0,,,,,,,,,,,,,,,
364,2014-12-28,21.0,32.0,3.0,,,,,,,,,,,,,,,
365,2015-01-04,45.0,43.0,,,,,,17.0,,,,,,,,,,
366,2015-01-11,51.0,100.0,,,,,,17.0,,,,,,,,,,
367,2015-01-18,34.0,64.0,,,,,,14.0,,,,,,,,,,
368,2015-01-25,30.0,60.0,,,,,,19.0,,,,,,,,,,
369,2015-02-01,29.0,52.0,,,,,,19.0,,,,,,,,,,
370,2015-02-08,28.0,46.0,,,,,,15.0,,,,,,,,,,
371,2015-02-15,32.0,45.0,,,,,,14.0,,,,,,,,,,
372,2015-02-22,31.0,40.0,,,,,,14.0,,,,,,,,,,
373,2015-03-01,27.0,40.0,,,,,,14.0,,,,,,,,,,
374,2015-03-08,36.0,46.0,,,,,,15.0,,,,,,,,,,
375,2015-03-15,39.0,45.0,,,,,,15.0,,,,,,,,,,
376,2015-03-22,40.0,47.0,,,,,,18.0,,,,,,,,,,
377,2015-03-29,33.0,42.0,,,,,,15.0,,,,,,,,,,
378,2015-04-05,35.0,50.0,,,,,,14.0,,,,,,,,,,
379,2015-04-12,33.0,42.0,,,,,,15.0,,,,,,,,,,
380,2015-04-19,35.0,47.0,,,,,,17.0,,,,,,,,,,
381,2015-04-26,38.0,47.0,,,,,,15.0,,,,,,,,,,
382,2015-05-03,75.0,57.0,,,,,,19.0,,,,,,,,,,
383,2015-05-10,56.0,58.0,,,,,,21.0,,,,,,,,,,
384,2015-05-17,50.0,51.0,,,,,,17.0,,,,,,,,,,
385,2015-05-24,43.0,49.0,,,,,,16.0,,,,,,,,,,
386,2015-05-31,76.0,53.0,,,,,,29.0,,,,,,,,,,
387,2015-06-07,52.0,49.0,,,,,,29.0,,,,,,,,,,
388,2015-06-14,41.0,45.0,,,,,,45.0,,,,,,,,,,
389,2015-06-21,48.0,63.0,,,,,,31.0,,,,,,,,,,
390,2015-06-28,46.0,50.0,,,,,,20.0,,,,,,,,,,
391,2015-07-05,51.0,51.0,,,,,,18.0,,,,,,,,,,
392,2015-07-12,32.0,42.0,,,,,,16.0,,,,,,,,,,
393,2015-07-19,33.0,43.0,,,,,,14.0,,,,,,,,,,
394,2015-07-26,30.0,40.0,,,,,,15.0,,,,,,,,,,
395,2015-08-02,34.0,51.0,,,,,,14.0,,,,,,,,,,
396,2015-08-09,36.0,41.0,,,,,,16.0,,,,,,,,,,
397,2015-08-16,31.0,41.0,,,,,,15.0,,,,,,,,,,
398,2015-08-23,35.0,42.0,,,,,,22.0,,,,,,,,,,
399,2015-08-30,30.0,38.0,,,,,,15.0,,,,,,,,,,
400,2015-09-06,33.0,40.0,,,,,,15.0,,,,,,,,,,
401,2015-09-13,35.0,43.0,,,,,,14.0,,,,,,,,,,
402,2015-09-20,35.0,41.0,,,,,,15.0,,,,,,,,,,
403,2015-09-27,38.0,47.0,,,,,,19.0,,,,,,,,,,
404,2015-10-04,35.0,42.0,,,,,,13.0,,,,,,,,,,
405,2015-10-11,33.0,42.0,,,,,,15.0,,,,,,,,,,
406,2015-10-18,31.0,40.0,,,,,,16.0,,,,,,,,,,
407,2015-10-25,28.0,36.0,,,,,,12.0,,,,,,,,,,
408,2015-11-01,31.0,43.0,,,,,,14.0,,,,,,,,,,
409,2015-11-08,31.0,51.0,,,,,,27.0,,,,,,,,,,
410,2015-11-15,39.0,46.0,,,,,,17.0,,,,,,,,,,
411,2015-11-22,38.0,45.0,,,,,,17.0,,,,,,,,,,
412,2015-11-29,33.0,42.0,,,,,,17.0,,,,,,,,,,
413,2015-12-06,30.0,50.0,,,,,,16.0,,,,,,,,,,
414,2015-12-13,34.0,39.0,,,,,,15.0,,,,,,,,,,
415,2015-12-20,37.0,45.0,,,,,,19.0,,,,,,,,,,
416,2015-12-27,34.0,42.0,,,,,,19.0,,,,,,,,,,
417,2016-01-03,19.0,23.0,,,,,<1,,,,,,,,,,,
418,2016-01-10,40.0,30.0,,,,,1,,,,,,,,,,,
419,2016-01-17,22.0,24.0,,,,,<1,,,,,,,,,,,
420,2016-01-24,20.0,22.0,,,,,1,,,,,,,,,,,
421,2016-01-31,20.0,26.0,,,,,<1,,,,,,,,,,,
422,2016-02-07,18.0,21.0,,,,,<1,,,,,,,,,,,
423,2016-02-14,34.0,29.0,,,,,<1,,,,,,,,,,,
424,2016-02-21,22.0,24.0,,,,,1,,,,,,,,,,,
425,2016-02-28,21.0,25.0,,,,,1,,,,,,,,,,,
426,2016-03-06,19.0,24.0,,,,,1,,,,,,,,,,,
427,2016-03-13,19.0,21.0,,,,,1,,,,,,,,,,,
428,2016-03-20,19.0,20.0,,,,,1,,,,,,,,,,,
429,2016-03-27,22.0,24.0,,,,,1,,,,,,,,,,,
430,2016-04-03,21.0,28.0,,,,,1,,,,,,,,,,,
431,2016-04-10,20.0,34.0,,,,,3,,,,,,,,,,,
432,2016-04-17,19.0,29.0,,,,,1,,,,,,,,,,,
433,2016-04-24,16.0,28.0,,,,,1,,,,,,,,,,,
434,2016-05-01,16.0,27.0,,,,,3,,,,,,,,,,,
435,2016-05-08,16.0,23.0,,,,,1,,,,,,,,,,,
436,2016-05-15,15.0,21.0,,,,,1,,,,,,,,,,,
437,2016-05-22,19.0,29.0,,,,,3,,,,,,,,,,,
438,2016-05-29,21.0,31.0,,,,,2,,,,,,,,,,,
439,2016-06-05,24.0,28.0,,,,,4,,,,,,,,,,,
440,2016-06-12,27.0,40.0,,,,,4,,,,,,,,,,,
441,2016-06-19,38.0,49.0,,,,,3,,,,,,,,,,,
442,2016-06-26,84.0,48.0,,,,,9,,,,,,,,,,,
443,2016-07-03,50.0,49.0,,,,,31,,,,,,,,,,,
444,2016-07-10,30.0,100.0,,,,,22,,,,,,,,,,,
445,2016-07-17,19.0,31.0,,,,,3,,,,,,,,,,,
446,2016-07-24,28.0,29.0,,,,,2,,,,,,,,,,,
447,2016-07-31,21.0,26.0,,,,,2,,,,,,,,,,,
448,2016-08-07,19.0,23.0,,,,,2,,,,,,,,,,,
449,2016-08-14,17.0,21.0,,,,,1,,,,,,,,,,,
450,2016-08-21,16.0,23.0,,,,,2,,,,,,,,,,,
451,2016-08-28,18.0,20.0,,,,,2,,,,,,,,,,,
452,2016-09-04,18.0,20.0,,,,,2,,,,,,,,,,,
453,2016-09-11,18.0,22.0,,,,,1,,,,,,,,,,,
454,2016-09-18,16.0,20.0,,,,,1,,,,,,,,,,,
455,2016-09-25,14.0,21.0,,,,,2,,,,,,,,,,,
456,2016-10-02,15.0,19.0,,,,,2,,,,,,,,,,,
457,2016-10-09,16.0,19.0,,,,,2,,,,,,,,,,,
458,2016-10-16,20.0,20.0,,,,,1,,,,,,,,,,,
459,2016-10-23,17.0,21.0,,,,,1,,,,,,,,,,,
460,2016-10-30,16.0,20.0,,,,,2,,,,,,,,,,,
461,2016-11-06,20.0,20.0,,,,,1,,,,,,,,,,,
462,2016-11-13,19.0,20.0,,,,,2,,,,,,,,,,,
463,2016-11-20,19.0,30.0,,,,,2,,,,,,,,,,,
464,2016-11-27,19.0,26.0,,,,,2,,,,,,,,,,,
465,2016-12-04,18.0,24.0,,,,,1,,,,,,,,,,,
466,2016-12-11,21.0,31.0,,,,,2,,,,,,,,,,,
467,2016-12-18,20.0,25.0,,,,,1,,,,,,,,,,,
468,2016-12-25,16.0,21.0,,,,,2,,,,,,,,,,,
469,2017-01-01,14.0,18.0,,,,,,6.0,,,,,,,,,,
470,2017-01-08,18.0,26.0,,,,,,6.0,,,,,,,,,,
471,2017-01-15,14.0,18.0,,,,,,6.0,,,,,,,,,,
472,2017-01-22,13.0,16.0,,,,,,7.0,,,,,,,,,,
473,2017-01-29,12.0,16.0,,,,,,6.0,,,,,,,,,,
474,2017-02-05,14.0,17.0,,,,,,8.0,,,,,,,,,,
475,2017-02-12,14.0,16.0,,,,,,6.0,,,,,,,,,,
476,2017-02-19,14.0,16.0,,,,,,5.0,,,,,,,,,,
477,2017-02-26,13.0,16.0,,,,,,6.0,,,,,,,,,,
478,2017-03-05,18.0,16.0,,,,,,10.0,,,,,,,,,,
479,2017-03-12,13.0,17.0,,,,,,7.0,,,,,,,,,,
480,2017-03-19,15.0,15.0,,,,,,8.0,,,,,,,,,,
481,2017-03-26,19.0,25.0,,,,,,9.0,,,,,,,,,,
482,2017-04-02,14.0,19.0,,,,,,8.0,,,,,,,,,,
483,2017-04-09,15.0,23.0,,,,,,9.0,,,,,,,,,,
484,2017-04-16,18.0,28.0,,,,,,9.0,,,,,,,,,,
485,2017-04-23,38.0,24.0,,,,,,8.0,,,,,,,,,,
486,2017-04-30,21.0,30.0,,,,,,7.0,,,,,,,,,,
487,2017-05-07,17.0,22.0,,,,,,7.0,,,,,,,,,,
488,2017-05-14,15.0,20.0,,,,,,6.0,,,,,,,,,,
489,2017-05-21,20.0,23.0,,,,,,7.0,,,,,,,,,,
490,2017-05-28,17.0,30.0,,,,,,7.0,,,,,,,,,,
491,2017-06-04,17.0,38.0,,,,,,8.0,,,,,,,,,,
492,2017-06-11,16.0,38.0,,,,,,6.0,,,,,,,,,,
493,2017-06-18,17.0,39.0,,,,,,9.0,,,,,,,,,,
494,2017-06-25,27.0,34.0,,,,,,8.0,,,,,,,,,,
495,2017-07-02,25.0,26.0,,,,,,7.0,,,,,,,,,,
496,2017-07-09,13.0,21.0,,,,,,6.0,,,,,,,,,,
497,2017-07-16,12.0,19.0,,,,,,27.0,,,,,,,,,,
498,2017-07-23,12.0,18.0,,,,,,43.0,,,,,,,,,,
499,2017-07-30,17.0,22.0,,,,,,100.0,,,,,,,,,,
500,2017-08-06,13.0,19.0,,,,,,28.0,,,,,,,,,,
501,2017-08-13,19.0,33.0,,,,,,19.0,,,,,,,,,,
502,2017-08-20,20.0,20.0,,,,,,20.0,,,,,,,,,,
503,2017-08-27,14.0,18.0,,,,,,12.0,,,,,,,,,,
504,2017-09-03,13.0,17.0,,,,,,10.0,,,,,,,,,,
505,2017-09-10,16.0,17.0,,,,,,10.0,,,,,,,,,,
506,2017-09-17,15.0,17.0,,,,,,14.0,,,,,,,,,,
507,2017-09-24,13.0,19.0,,,,,,12.0,,,,,,,,,,
508,2017-10-01,14.0,17.0,,,,,,10.0,,,,,,,,,,
509,2017-10-08,22.0,17.0,,,,,,10.0,,,,,,,,,,
510,2017-10-15,15.0,16.0,,,,,,9.0,,,,,,,,,,
511,2017-10-22,16.0,23.0,,,,,,10.0,,,,,,,,,,
512,2017-10-29,14.0,18.0,,,,,,11.0,,,,,,,,,,
513,2017-11-05,13.0,15.0,,,,,,10.0,,,,,,,,,,
514,2017-11-12,11.0,20.0,,,,,,9.0,,,,,,,,,,
515,2017-11-19,12.0,15.0,,,,,,8.0,,,,,,,,,,
516,2017-11-26,12.0,15.0,,,,,,8.0,,,,,,,,,,
517,2017-12-03,15.0,24.0,,,,,,8.0,,,,,,,,,,
518,2017-12-10,13.0,19.0,,,,,,8.0,,,,,,,,,,
519,2017-12-17,16.0,22.0,,,,,,8.0,,,,,,,,,,
520,2017-12-24,17.0,19.0,,,,,,9.0,,,,,,,,,,
521,2017-12-31,13.0,15.0,,,,,,11.0,,,,,,,,,,
522,2018-01-07,,13.0,,,,<1,2.0,,,,,,,,,,,
523,2018-01-14,,14.0,,,,<1,1.0,,,,,,,,,,,
524,2018-01-21,,17.0,,,,<1,1.0,,,,,,,,,,,
525,2018-01-28,,13.0,,,,<1,1.0,,,,,,,,,,,
526,2018-02-04,,14.0,,,,<1,1.0,,,,,,,,,,,
527,2018-02-11,,17.0,,,,<1,1.0,,,,,,,,,,,
528,2018-02-18,,13.0,,,,<1,1.0,,,,,,,,,,,
529,2018-02-25,,12.0,,,,<1,2.0,,,,,,,,,,,
530,2018-03-04,,17.0,,,,<1,1.0,,,,,,,,,,,
531,2018-03-11,,14.0,,,,<1,1.0,,,,,,,,,,,
532,2018-03-18,,16.0,,,,<1,1.0,,,,,,,,,,,
533,2018-03-25,,13.0,,,,<1,1.0,,,,,,,,,,,
534,2018-04-01,,42.0,,,,<1,1.0,,,,,,,,,,,
535,2018-04-08,,24.0,,,,<1,1.0,,,,,,,,,,,
536,2018-04-15,,15.0,,,,<1,1.0,,,,,,,,,,,
537,2018-04-22,,16.0,,,,<1,1.0,,,,,,,,,,,
538,2018-04-29,,16.0,,,,1,2.0,,,,,,,,,,,
539,2018-05-06,,16.0,,,,<1,2.0,,,,,,,,,,,
540,2018-05-13,,13.0,,,,<1,4.0,,,,,,,,,,,
541,2018-05-20,,20.0,,,,1,4.0,,,,,,,,,,,
542,2018-05-27,,28.0,,,,1,3.0,,,,,,,,,,,
543,2018-06-03,,20.0,,,,1,3.0,,,,,,,,,,,
544,2018-06-10,,49.0,,,,1,9.0,,,,,,,,,,,
545,2018-06-17,,55.0,,,,5,3.0,,,,,,,,,,,
546,2018-06-24,,52.0,,,,2,6.0,,,,,,,,,,,
547,2018-07-01,,100.0,,,,9,9.0,,,,,,,,,,,
548,2018-07-08,,94.0,,,,14,8.0,,,,,,,,,,,
549,2018-07-15,,39.0,,,,16,20.0,,,,,,,,,,,
550,2018-07-22,,24.0,,,,2,2.0,,,,,,,,,,,
551,2018-07-29,,22.0,,,,5,2.0,,,,,,,,,,,
552,2018-08-05,,18.0,,,,9,1.0,,,,,,,,,,,
553,2018-08-12,,22.0,,,,6,2.0,,,,,,,,,,,
554,2018-08-19,,20.0,,,,1,1.0,,,,,,,,,,,
555,2018-08-26,,18.0,,,,2,1.0,,,,,,,,,,,
556,2018-09-02,,17.0,,,,1,1.0,,,,,,,,,,,
557,2018-09-09,,14.0,,,,1,1.0,,,,,,,,,,,
558,2018-09-16,,32.0,,,,1,1.0,,,,,,,,,,,
559,2018-09-23,,21.0,,,,4,1.0,,,,,,,,,,,
560,2018-09-30,,27.0,,,,1,1.0,,,,,,,,,,,
561,2018-10-07,,23.0,,,,1,1.0,,,,,,,,,,,
562,2018-10-14,,16.0,,,,1,1.0,,,,,,,,,,,
563,2018-10-21,,18.0,,,,<1,1.0,,,,,,,,,,,
564,2018-10-28,,18.0,,,,1,1.0,,,,,,,,,,,
565,2018-11-04,,16.0,,,,<1,1.0,,,,,,,,,,,
566,2018-11-11,,16.0,,,,1,1.0,,,,,,,,,,,
567,2018-11-18,,13.0,,,,1,1.0,,,,,,,,,,,
568,2018-11-25,,14.0,,,,1,1.0,,,,,,,,,,,
569,2018-12-02,,15.0,,,,6,1.0,,,,,,,,,,,
570,2018-12-09,,13.0,,,,1,1.0,,,,,,,,,,,
571,2018-12-16,,13.0,,,,1,1.0,,,,,,,,,,,
572,2018-12-23,,14.0,,,,1,1.0,,,,,,,,,,,
573,2018-12-30,,15.0,,,,1,1.0,,,,,,,,,,,
574,2019-01-06,28.0,45.0,,,2.0,,,,,,,,,,,,,
575,2019-01-13,29.0,45.0,,,2.0,,,,,,,,,,,,,
576,2019-01-20,27.0,50.0,,,1.0,,,,,,,,,,,,,
577,2019-01-27,31.0,40.0,,,1.0,,,,,,,,,,,,,
578,2019-02-03,37.0,55.0,,,1.0,,,,,,,,,,,,,
579,2019-02-10,30.0,44.0,,,1.0,,,,,,,,,,,,,
580,2019-02-17,33.0,48.0,,,2.0,,,,,,,,,,,,,
581,2019-02-24,40.0,42.0,,,2.0,,,,,,,,,,,,,
582,2019-03-03,31.0,43.0,,,2.0,,,,,,,,,,,,,
583,2019-03-10,44.0,100.0,,,5.0,,,,,,,,,,,,,
584,2019-03-17,54.0,59.0,,,3.0,,,,,,,,,,,,,
585,2019-03-24,36.0,54.0,,,3.0,,,,,,,,,,,,,
586,2019-03-31,41.0,45.0,,,3.0,,,,,,,,,,,,,
587,2019-04-07,42.0,52.0,,,2.0,,,,,,,,,,,,,
588,2019-04-14,47.0,60.0,,,3.0,,,,,,,,,,,,,
589,2019-04-21,34.0,39.0,,,3.0,,,,,,,,,,,,,
590,2019-04-28,84.0,58.0,,,8.0,,,,,,,,,,,,,
591,2019-05-05,62.0,47.0,,,6.0,,,,,,,,,,,,,
592,2019-05-12,33.0,40.0,,,3.0,,,,,,,,,,,,,
593,2019-05-19,37.0,40.0,,,2.0,,,,,,,,,,,,,
594,2019-05-26,33.0,40.0,,,4.0,,,,,,,,,,,,,
595,2019-06-02,35.0,50.0,,,8.0,,,,,,,,,,,,,
596,2019-06-09,37.0,50.0,,,6.0,,,,,,,,,,,,,
597,2019-06-16,40.0,39.0,,,3.0,,,,,,,,,,,,,
598,2019-06-23,50.0,40.0,,,2.0,,,,,,,,,,,,,
599,2019-06-30,53.0,36.0,,,2.0,,,,,,,,,,,,,
600,2019-07-07,51.0,35.0,,,2.0,,,,,,,,,,,,,
601,2019-07-14,31.0,34.0,,,2.0,,,,,,,,,,,,,
602,2019-07-21,29.0,40.0,,,2.0,,,,,,,,,,,,,
603,2019-07-28,31.0,42.0,,,2.0,,,,,,,,,,,,,
604,2019-08-04,33.0,35.0,,,3.0,,,,,,,,,,,,,
605,2019-08-11,32.0,39.0,,,3.0,,,,,,,,,,,,,
606,2019-08-18,30.0,39.0,,,2.0,,,,,,,,,,,,,
607,2019-08-25,40.0,41.0,,,8.0,,,,,,,,,,,,,
608,2019-09-01,29.0,34.0,,,4.0,,,,,,,,,,,,,
609,2019-09-08,31.0,43.0,,,3.0,,,,,,,,,,,,,
610,2019-09-15,31.0,48.0,,,3.0,,,,,,,,,,,,,
611,2019-09-22,49.0,41.0,,,5.0,,,,,,,,,,,,,
612,2019-09-29,29.0,36.0,,,3.0,,,,,,,,,,,,,
613,2019-10-06,30.0,36.0,,,2.0,,,,,,,,,,,,,
614,2019-10-13,37.0,41.0,,,2.0,,,,,,,,,,,,,
615,2019-10-20,28.0,35.0,,,2.0,,,,,,,,,,,,,
616,2019-10-27,31.0,36.0,,,2.0,,,,,,,,,,,,,
617,2019-11-03,26.0,35.0,,,2.0,,,,,,,,,,,,,
618,2019-11-10,36.0,47.0,,,2.0,,,,,,,,,,,,,
619,2019-11-17,29.0,40.0,,,3.0,,,,,,,,,,,,,
620,2019-11-24,32.0,36.0,,,3.0,,,,,,,,,,,,,
621,2019-12-01,67.0,51.0,,,10.0,,,,,,,,,,,,,
622,2019-12-08,38.0,36.0,,,3.0,,,,,,,,,,,,,
623,2019-12-15,33.0,64.0,,,4.0,,,,,,,,,,,,,
624,2019-12-22,31.0,45.0,,,3.0,,,,,,,,,,,,,
625,2019-12-29,28.0,44.0,,,3.0,,,,,,,,,,,,,
626,2021-01-03,7.0,,,,,,,,,,,,,,,1.0,<1,
627,2021-01-10,6.0,,,,,,,,,,,,,,,1.0,<1,
628,2021-01-17,8.0,,,,,,,,,,,,,,,1.0,<1,
629,2021-01-24,5.0,,,,,,,,,,,,,,,1.0,<1,
630,2021-01-31,10.0,,,,,,,,,,,,,,,1.0,<1,
631,2021-02-07,6.0,,,,,,,,,,,,,,,2.0,<1,
632,2021-02-14,8.0,,,,,,,,,,,,,,,1.0,<1,
633,2021-02-21,6.0,,,,,,,,,,,,,,,1.0,<1,
634,2021-02-28,6.0,,,,,,,,,,,,,,,1.0,<1,
635,2021-03-07,8.0,,,,,,,,,,,,,,,1.0,<1,
636,2021-03-14,7.0,,,,,,,,,,,,,,,1.0,<1,
637,2021-03-21,6.0,,,,,,,,,,,,,,,2.0,<1,
638,2021-03-28,5.0,,,,,,,,,,,,,,,2.0,<1,
639,2021-04-04,6.0,,,,,,,,,,,,,,,2.0,<1,
640,2021-04-11,6.0,,,,,,,,,,,,,,,2.0,<1,
641,2021-04-18,7.0,,,,,,,,,,,,,,,1.0,<1,
642,2021-04-25,6.0,,,,,,,,,,,,,,,1.0,<1,
643,2021-05-02,7.0,,,,,,,,,,,,,,,1.0,<1,
644,2021-05-09,6.0,,,,,,,,,,,,,,,2.0,<1,
645,2021-05-16,8.0,,,,,,,,,,,,,,,2.0,<1,
646,2021-05-23,7.0,,,,,,,,,,,,,,,2.0,<1,
647,2021-05-30,7.0,,,,,,,,,,,,,,,1.0,<1,
648,2021-06-06,7.0,,,,,,,,,,,,,,,1.0,1,
649,2021-06-13,10.0,,,,,,,,,,,,,,,3.0,<1,
650,2021-06-20,13.0,,,,,,,,,,,,,,,2.0,1,
651,2021-06-27,17.0,,,,,,,,,,,,,,,1.0,1,
652,2021-07-04,18.0,,,,,,,,,,,,,,,1.0,2,
653,2021-07-11,27.0,,,,,,,,,,,,,,,1.0,3,
654,2021-07-18,10.0,,,,,,,,,,,,,,,1.0,<1,
655,2021-07-25,8.0,,,,,,,,,,,,,,,1.0,<1,
656,2021-08-01,58.0,,,,,,,,,,,,,,,1.0,<1,
657,2021-08-08,100.0,,,,,,,,,,,,,,,1.0,<1,
658,2021-08-15,18.0,,,,,,,,,,,,,,,2.0,<1,
659,2021-08-22,14.0,,,,,,,,,,,,,,,2.0,1,
660,2021-08-29,16.0,,,,,,,,,,,,,,,1.0,<1,
661,2021-09-05,12.0,,,,,,,,,,,,,,,1.0,<1,
662,2021-09-12,10.0,,,,,,,,,,,,,,,1.0,<1,
663,2021-09-19,12.0,,,,,,,,,,,,,,,1.0,<1,
664,2021-09-26,12.0,,,,,,,,,,,,,,,1.0,<1,
665,2021-10-03,8.0,,,,,,,,,,,,,,,1.0,<1,
666,2021-10-10,9.0,,,,,,,,,,,,,,,1.0,<1,
667,2021-10-17,9.0,,,,,,,,,,,,,,,1.0,<1,
668,2021-10-24,9.0,,,,,,,,,,,,,,,1.0,<1,
669,2021-10-31,9.0,,,,,,,,,,,,,,,2.0,<1,
670,2021-11-07,8.0,,,,,,,,,,,,,,,1.0,<1,
671,2021-11-14,8.0,,,,,,,,,,,,,,,1.0,<1,
672,2021-11-21,8.0,,,,,,,,,,,,,,,2.0,<1,
673,2021-11-28,20.0,,,,,,,,,,,,,,,5.0,1,
674,2021-12-05,9.0,,,,,,,,,,,,,,,2.0,<1,
675,2021-12-12,7.0,,,,,,,,,,,,,,,1.0,<1,
676,2021-12-19,6.0,,,,,,,,,,,,,,,1.0,<1,
677,2021-12-26,6.0,,,,,,,,,,,,,,,1.0,<1,
678,2022-01-02,,,,,,,,,,,,,5.0,6.0,3.0,,,
679,2022-01-09,,,,,,,,,,,,,9.0,5.0,4.0,,,
680,2022-01-16,,,,,,,,,,,,,6.0,4.0,4.0,,,
681,2022-01-23,,,,,,,,,,,,,9.0,7.0,3.0,,,
682,2022-01-30,,,,,,,,,,,,,7.0,10.0,2.0,,,
683,2022-02-06,,,,,,,,,,,,,6.0,24.0,3.0,,,
684,2022-02-13,,,,,,,,,,,,,10.0,7.0,3.0,,,
685,2022-02-20,,,,,,,,,,,,,4.0,5.0,3.0,,,
686,2022-02-27,,,,,,,,,,,,,4.0,5.0,2.0,,,
687,2022-03-06,,,,,,,,,,,,,43.0,4.0,6.0,,,
688,2022-03-13,,,,,,,,,,,,,21.0,3.0,3.0,,,
689,2022-03-20,,,,,,,,,,,,,12.0,4.0,3.0,,,
690,2022-03-27,,,,,,,,,,,,,8.0,6.0,3.0,,,
691,2022-04-03,,,,,,,,,,,,,40.0,4.0,5.0,,,
692,2022-04-10,,,,,,,,,,,,,28.0,8.0,11.0,,,
693,2022-04-17,,,,,,,,,,,,,18.0,7.0,5.0,,,
694,2022-04-24,,,,,,,,,,,,,34.0,7.0,10.0,,,
695,2022-05-01,,,,,,,,,,,,,41.0,8.0,9.0,,,
696,2022-05-08,,,,,,,,,,,,,19.0,9.0,13.0,,,
697,2022-05-15,,,,,,,,,,,,,13.0,6.0,4.0,,,
698,2022-05-22,,,,,,,,,,,,,45.0,19.0,8.0,,,
699,2022-05-29,,,,,,,,,,,,,36.0,34.0,6.0,,,
700,2022-06-05,,,,,,,,,,,,,15.0,16.0,5.0,,,
701,2022-06-12,,,,,,,,,,,,,10.0,25.0,4.0,,,
702,2022-06-19,,,,,,,,,,,,,9.0,36.0,3.0,,,
703,2022-06-26,,,,,,,,,,,,,9.0,13.0,4.0,,,
704,2022-07-03,,,,,,,,,,,,,9.0,7.0,3.0,,,
705,2022-07-10,,,,,,,,,,,,,8.0,8.0,3.0,,,
706,2022-07-17,,,,,,,,,,,,,9.0,9.0,4.0,,,
707,2022-07-24,,,,,,,,,,,,,10.0,7.0,4.0,,,
708,2022-07-31,,,,,,,,,,,,,8.0,9.0,3.0,,,
709,2022-08-07,,,,,,,,,,,,,13.0,5.0,4.0,,,
710,2022-08-14,,,,,,,,,,,,,9.0,7.0,4.0,,,
711,2022-08-21,,,,,,,,,,,,,12.0,10.0,4.0,,,
712,2022-08-28,,,,,,,,,,,,,12.0,8.0,5.0,,,
713,2022-09-04,,,,,,,,,,,,,18.0,7.0,3.0,,,
714,2022-09-11,,,,,,,,,,,,,11.0,8.0,4.0,,,
715,2022-09-18,,,,,,,,,,,,,9.0,5.0,4.0,,,
716,2022-09-25,,,,,,,,,,,,,8.0,5.0,4.0,,,
717,2022-10-02,,,,,,,,,,,,,11.0,6.0,7.0,,,
718,2022-10-09,,,,,,,,,,,,,8.0,6.0,4.0,,,
719,2022-10-16,,,,,,,,,,,,,100.0,11.0,7.0,,,
720,2022-10-23,,,,,,,,,,,,,17.0,8.0,6.0,,,
721,2022-10-30,,,,,,,,,,,,,12.0,6.0,6.0,,,
722,2022-11-06,,,,,,,,,,,,,15.0,22.0,4.0,,,
723,2022-11-13,,,,,,,,,,,,,26.0,17.0,4.0,,,
724,2022-11-20,,,,,,,,,,,,,61.0,30.0,12.0,,,
725,2022-11-27,,,,,,,,,,,,,28.0,14.0,19.0,,,
726,2022-12-04,,,,,,,,,,,,,27.0,11.0,5.0,,,
727,2022-12-11,,,,,,,,,,,,,58.0,4.0,4.0,,,
728,2022-12-18,,,,,,,,,,,,,67.0,4.0,5.0,,,
729,2022-12-25,,,,,,,,,,,,,19.0,5.0,5.0,,,
730,2023-01-01,57.0,,,,,,,,,,8.0,22.0,,,,,,
731,2023-01-08,44.0,,,,,,,,,,6.0,16.0,,,,,,
732,2023-01-15,46.0,,,,,,,,,,6.0,13.0,,,,,,
733,2023-01-22,37.0,,,,,,,,,,9.0,13.0,,,,,,
734,2023-01-29,34.0,,,,,,,,,,4.0,13.0,,,,,,
735,2023-02-05,36.0,,,,,,,,,,5.0,11.0,,,,,,
736,2023-02-12,30.0,,,,,,,,,,6.0,13.0,,,,,,
737,2023-02-19,36.0,,,,,,,,,,5.0,12.0,,,,,,
738,2023-02-26,43.0,,,,,,,,,,5.0,13.0,,,,,,
739,2023-03-05,35.0,,,,,,,,,,4.0,14.0,,,,,,
740,2023-03-12,33.0,,,,,,,,,,18.0,11.0,,,,,,
741,2023-03-19,39.0,,,,,,,,,,12.0,12.0,,,,,,
742,2023-03-26,38.0,,,,,,,,,,9.0,10.0,,,,,,
743,2023-04-02,39.0,,,,,,,,,,7.0,11.0,,,,,,
744,2023-04-09,35.0,,,,,,,,,,13.0,9.0,,,,,,
745,2023-04-16,32.0,,,,,,,,,,12.0,8.0,,,,,,
746,2023-04-23,30.0,,,,,,,,,,11.0,7.0,,,,,,
747,2023-04-30,42.0,,,,,,,,,,13.0,8.0,,,,,,
748,2023-05-07,37.0,,,,,,,,,,11.0,7.0,,,,,,
749,2023-05-14,29.0,,,,,,,,,,12.0,7.0,,,,,,
750,2023-05-21,31.0,,,,,,,,,,9.0,8.0,,,,,,
751,2023-05-28,42.0,,,,,,,,,,7.0,8.0,,,,,,
752,2023-06-04,100.0,,,,,,,,,,12.0,8.0,,,,,,
753,2023-06-11,48.0,,,,,,,,,,12.0,20.0,,,,,,
754,2023-06-18,46.0,,,,,,,,,,7.0,20.0,,,,,,
755,2023-06-25,36.0,,,,,,,,,,5.0,21.0,,,,,,
756,2023-07-02,29.0,,,,,,,,,,5.0,22.0,,,,,,
757,2023-07-09,31.0,,,,,,,,,,4.0,22.0,,,,,,
758,2023-07-16,58.0,,,,,,,,,,5.0,23.0,,,,,,
759,2023-07-23,48.0,,,,,,,,,,5.0,43.0,,,,,,
760,2023-07-30,38.0,,,,,,,,,,5.0,28.0,,,,,,
761,2023-08-06,41.0,,,,,,,,,,6.0,24.0,,,,,,
762,2023-08-13,41.0,,,,,,,,,,5.0,19.0,,,,,,
763,2023-08-20,45.0,,,,,,,,,,4.0,14.0,,,,,,
764,2023-08-27,35.0,,,,,,,,,,8.0,20.0,,,,,,
765,2023-09-03,36.0,,,,,,,,,,6.0,9.0,,,,,,
766,2023-09-10,33.0,,,,,,,,,,5.0,8.0,,,,,,
767,2023-09-17,32.0,,,,,,,,,,5.0,7.0,,,,,,
768,2023-09-24,29.0,,,,,,,,,,4.0,6.0,,,,,,
769,2023-10-01,27.0,,,,,,,,,,4.0,7.0,,,,,,
770,2023-10-08,27.0,,,,,,,,,,4.0,7.0,,,,,,
771,2023-10-15,32.0,,,,,,,,,,5.0,6.0,,,,,,
772,2023-10-22,28.0,,,,,,,,,,5.0,6.0,,,,,,
773,2023-10-29,52.0,,,,,,,,,,13.0,9.0,,,,,,
774,2023-11-05,25.0,,,,,,,,,,6.0,7.0,,,,,,
775,2023-11-12,24.0,,,,,,,,,,6.0,7.0,,,,,,
776,2023-11-19,27.0,,,,,,,,,,7.0,7.0,,,,,,
777,2023-11-26,23.0,,,,,,,,,,4.0,6.0,,,,,,
