Year,Rank,Player,Club,Nationality,Points,P1,P2,P3,P4,P5,Votes,RankPts,Share,Percent,Voted,Season,Goals,Assists,Yellow Cards,Red cards,Minutes played,national_comps,domestic_comps,international_comps,Premier_League_appearances,FA_Cup_appearances,Community_Shield_appearances,Champions_League_appearances,LaLiga_appearances,Copa_del_Rey_appearances,Premier_Liga_appearances,Russian_Super_Cup_appearances,Russian_Cup_appearances,UEFA_Cup_appearances,Bundesliga_appearances,DFB-Pokal_appearances,Ligapokal_appearances,Champions_League_Qu._appearances,EFL_Cup_appearances,Club_World_Cup_appearances,UEFA_Super_Cup_appearances,Supercopa_appearances,DFL-Supercup_appearances,Europa_League_appearances,Ligue_1_appearances,Coupe_de_France_appearances,Coupe_de_la_Ligue_appearances,Trophée_des_Champions_appearances,Europa_League_Qualifying_appearances,Serie_A_appearances,Italy_Cup_appearances,Conference_League_appearances,UECL_Qualifiers_appearances,Supercoppa_Italiana_appearances
8,1,Cristiano Ronaldo,Manchester United,Portugal,446.0,77.0,11.0,4.0,1.0,3.0,96.0,50.0,0.0,0.9292,1.0,8.0,42,8,7,1,393.76300000000003,1,2.0,1.0,34.0,3.0,1.0,11.0,0.0,0.0,0.0,0.0,0.0,0.0,0.0,0.0,0.0,0.0,0.0,0.0,0.0,0.0,0.0,0.0,0.0,0.0,0.0,0.0,0.0,0.0,0.0,0.0,0.0,0.0
8,2,Lionel Messi,FC Barcelona,Argentina,281.0,6.0,33.0,27.0,14.0,10.0,90.0,25.0,0.0,0.5854,0.9375,8.0,16,16,4,0,953.0029999999999,1,1.0,1.0,0.0,0.0,0.0,9.0,28.0,3.0,0.0,0.0,0.0,0.0,0.0,0.0,0.0,0.0,0.0,0.0,0.0,0.0,0.0,0.0,0.0,0.0,0.0,0.0,0.0,0.0,0.0,0.0,0.0,0.0
8,5,Xavi,FC Barcelona,Spain,97.0,3.0,9.0,4.0,15.0,4.0,35.0,10.0,0.0,0.20210000000000003,0.3646,8.0,9,9,3,0,1530.932,1,1.0,1.0,0.0,0.0,0.0,12.0,35.0,7.0,0.0,0.0,0.0,0.0,0.0,0.0,0.0,0.0,0.0,0.0,0.0,0.0,0.0,0.0,0.0,0.0,0.0,0.0,0.0,0.0,0.0,0.0,0.0,0.0
8,6,Andrei Arshavin,Zenit St. Petersburg,Russia,64.0,0.0,3.0,4.0,10.0,20.0,37.0,8.3,0.0,0.1333,0.3854,8.0,12,17,9,0,258.548,1,2.0,1.0,0.0,0.0,0.0,0.0,0.0,0.0,27.0,1.0,2.0,14.0,0.0,0.0,0.0,0.0,0.0,0.0,0.0,0.0,0.0,0.0,0.0,0.0,0.0,0.0,0.0,0.0,0.0,0.0,0.0,0.0
8,13,Wayne Rooney,Manchester United,England,11.0,0.0,0.0,1.0,2.0,4.0,7.0,3.8,0.0,0.0229,0.0729,8.0,18,14,12,0,1259.185,1,2.0,1.0,27.0,4.0,1.0,11.0,0.0,0.0,0.0,0.0,0.0,0.0,0.0,0.0,0.0,0.0,0.0,0.0,0.0,0.0,0.0,0.0,0.0,0.0,0.0,0.0,0.0,0.0,0.0,0.0,0.0,0.0
8,16,Franck Ribéry,Bayern Munich,France,7.0,0.0,0.0,1.0,1.0,2.0,4.0,3.1,0.0,0.0146,0.0417,8.0,19,20,3,0,1518.2069999999999,1,2.0,1.0,0.0,0.0,0.0,0.0,0.0,0.0,0.0,0.0,0.0,11.0,28.0,5.0,2.0,0.0,0.0,0.0,0.0,0.0,0.0,0.0,0.0,0.0,0.0,0.0,0.0,0.0,0.0,0.0,0.0,0.0
8,17,Samuel Eto'o,FC Barcelona,Cameroon,6.0,0.0,0.0,1.0,1.0,1.0,3.0,2.9,0.0,0.012500000000000002,0.0313,8.0,18,4,4,0,770.502,1,1.0,1.0,0.0,0.0,0.0,7.0,18.0,3.0,0.0,0.0,0.0,0.0,0.0,0.0,0.0,0.0,0.0,0.0,0.0,0.0,0.0,0.0,0.0,0.0,0.0,0.0,0.0,0.0,0.0,0.0,0.0,0.0
8,21,Nemanja Vidić,Manchester United,Serbia,3.0,0.0,0.0,1.0,0.0,0.0,1.0,2.4,0.0,0.0063,0.0104,8.0,1,1,6,0,1175.673,1,2.0,1.0,32.0,3.0,1.0,9.0,0.0,0.0,0.0,0.0,0.0,0.0,0.0,0.0,0.0,0.0,0.0,0.0,0.0,0.0,0.0,0.0,0.0,0.0,0.0,0.0,0.0,0.0,0.0,0.0,0.0,0.0
8,24,Edwin van der Sar,Manchester United,Netherlands,2.0,0.0,0.0,0.0,1.0,0.0,1.0,2.1,0.0,0.0042,0.0104,8.0,0,19,15,7,10.0,1,0.0,2.0,29.0,4.0,1.0,10.0,0.0,0.0,0.0,0.0,0.0,0.0,0.0,0.0,0.0,0.0,0.0,0.0,0.0,0.0,0.0,0.0,0.0,0.0,0.0,0.0,0.0,0.0,0.0,0.0,0.0,0.0
9,1,Lionel Messi,FC Barcelona,Argentina,473.0,90.0,5.0,1.0,0.0,0.0,96.0,50.0,0.0,0.9853999999999999,1.0,9.0,38,19,4,0,1379.513,1,1.0,1.0,0.0,0.0,0.0,12.0,31.0,8.0,0.0,0.0,0.0,0.0,0.0,0.0,0.0,0.0,0.0,0.0,0.0,0.0,0.0,0.0,0.0,0.0,0.0,0.0,0.0,0.0,0.0,0.0,0.0,0.0
9,3,Xavi,FC Barcelona,Spain,170.0,0.0,23.0,12.0,18.0,6.0,59.0,16.7,0.0,0.3542,0.6146,9.0,10,31,5,0,1355.984,1,1.0,2.0,0.0,0.0,0.0,12.0,35.0,5.0,0.0,0.0,0.0,0.0,0.0,0.0,0.0,2.0,0.0,0.0,0.0,0.0,0.0,0.0,0.0,0.0,0.0,0.0,0.0,0.0,0.0,0.0,0.0,0.0
9,4,Andrés Iniesta,FC Barcelona,Spain,149.0,2.0,9.0,20.0,17.0,9.0,57.0,12.5,0.0,0.3104,0.5938,9.0,5,17,5,0,1355.923,1,1.0,2.0,0.0,0.0,0.0,9.0,26.0,6.0,0.0,0.0,0.0,0.0,0.0,0.0,0.0,2.0,0.0,0.0,0.0,0.0,0.0,0.0,0.0,0.0,0.0,0.0,0.0,0.0,0.0,0.0,0.0,0.0
9,8,Wayne Rooney,Manchester United,England,35.0,0.0,0.0,7.0,5.0,4.0,16.0,6.3,0.0,0.0729,0.1667,9.0,20,13,11,0,1270.267,1,2.0,3.0,30.0,2.0,0.0,13.0,0.0,0.0,0.0,0.0,0.0,0.0,0.0,0.0,0.0,0.0,1.0,2.0,1.0,0.0,0.0,0.0,0.0,0.0,0.0,0.0,0.0,0.0,0.0,0.0,0.0,0.0
9,14,Ryan Giggs,Manchester United,Wales,11.0,0.0,1.0,1.0,1.0,2.0,5.0,3.6,0.0,0.0229,0.0521,9.0,4,16,0,0,1243.501,1,3.0,2.0,28.0,2.0,1.0,11.0,0.0,0.0,0.0,0.0,0.0,0.0,0.0,0.0,0.0,0.0,4.0,1.0,0.0,0.0,0.0,0.0,0.0,0.0,0.0,0.0,0.0,0.0,0.0,0.0,0.0,0.0
9,15,Thierry Henry,FC Barcelona,France,9.0,0.0,0.0,2.0,1.0,1.0,4.0,3.3,0.0,0.0188,0.0417,9.0,26,11,6,0,933.116,1,1.0,2.0,0.0,0.0,0.0,10.0,29.0,1.0,0.0,0.0,0.0,0.0,0.0,0.0,0.0,2.0,0.0,0.0,0.0,0.0,0.0,0.0,0.0,0.0,0.0,0.0,0.0,0.0,0.0,0.0,0.0,0.0
9,16,Nemanja Vidić,Manchester United,Serbia,8.0,0.0,0.0,1.0,1.0,3.0,5.0,3.1,0.0,0.0167,0.0521,9.0,7,1,8,2,1757.9850000000001,1,3.0,3.0,34.0,4.0,1.0,9.0,0.0,0.0,0.0,0.0,0.0,0.0,0.0,0.0,0.0,0.0,4.0,2.0,1.0,0.0,0.0,0.0,0.0,0.0,0.0,0.0,0.0,0.0,0.0,0.0,0.0,0.0
9,28,Franck Ribéry,Bayern Munich,France,1.0,0.0,0.0,0.0,0.0,1.0,1.0,1.8,0.0,0.0021,0.0104,9.0,14,20,7,0,919.071,1,1.0,1.0,0.0,0.0,0.0,8.0,0.0,0.0,0.0,0.0,0.0,0.0,25.0,3.0,0.0,0.0,0.0,0.0,0.0,0.0,0.0,0.0,0.0,0.0,0.0,0.0,0.0,0.0,0.0,0.0,0.0,0.0
9,28,Yaya Touré,FC Barcelona,Ivory Coast,1.0,0.0,0.0,0.0,0.0,1.0,1.0,1.8,0.0,0.0021,0.0104,9.0,3,1,10,0,1457.9070000000002,1,1.0,2.0,0.0,0.0,0.0,10.0,25.0,6.0,0.0,0.0,0.0,0.0,0.0,0.0,0.0,2.0,0.0,0.0,0.0,0.0,0.0,0.0,0.0,0.0,0.0,0.0,0.0,0.0,0.0,0.0,0.0,0.0
10,1,Lionel Messi,FC Barcelona,Argentina,,,,,,,0.0,50.0,0.0,0.4077,0.0,10.0,47,12,6,0,1564.8400000000001,1,2.0,3.0,0.0,0.0,0.0,11.0,35.0,3.0,0.0,0.0,0.0,0.0,0.0,0.0,0.0,0.0,0.0,2.0,1.0,1.0,0.0,0.0,0.0,0.0,0.0,0.0,0.0,0.0,0.0,0.0,0.0,0.0
10,2,Andrés Iniesta,FC Barcelona,Spain,,,,,,,0.0,25.0,0.0,0.3125,0.0,10.0,1,9,3,0,918.929,1,1.0,2.0,0.0,0.0,0.0,9.0,29.0,3.0,0.0,0.0,0.0,0.0,0.0,0.0,0.0,0.0,0.0,1.0,0.0,0.0,0.0,0.0,0.0,0.0,0.0,0.0,0.0,0.0,0.0,0.0,0.0,0.0
10,3,Xavi,FC Barcelona,Spain,,,,,,,0.0,16.7,0.0,0.2966,0.0,10.0,7,20,6,0,1626.804,1,2.0,3.0,0.0,0.0,0.0,11.0,34.0,3.0,0.0,0.0,0.0,0.0,0.0,0.0,0.0,0.0,0.0,2.0,1.0,2.0,0.0,0.0,0.0,0.0,0.0,0.0,0.0,0.0,0.0,0.0,0.0,0.0
10,11,Carles Puyol,FC Barcelona,Spain,,,,,,,0.0,4.5,0.0,0.0257,0.0,10.0,1,3,11,1,1467.713,1,2.0,3.0,0.0,0.0,0.0,9.0,32.0,2.0,0.0,0.0,0.0,0.0,0.0,0.0,0.0,0.0,0.0,2.0,1.0,2.0,0.0,0.0,0.0,0.0,0.0,0.0,0.0,0.0,0.0,0.0,0.0,0.0
10,14,Arjen Robben,Bayern Munich,Netherlands,,,,,,,0.0,3.6,0.0,0.0209,0.0,10.0,23,8,3,0,984.7760000000001,1,1.0,1.0,0.0,0.0,0.0,10.0,0.0,0.0,0.0,0.0,0.0,0.0,24.0,3.0,0.0,0.0,0.0,0.0,0.0,0.0,0.0,0.0,0.0,0.0,0.0,0.0,0.0,0.0,0.0,0.0,0.0,0.0
10,15,Thomas Müller,Bayern Munich,Germany,,,,,,,0.0,3.2999999999999994,0.0,0.0164,0.0,10.0,19,16,4,0,1400.642,1,1.0,1.0,0.0,0.0,0.0,12.0,0.0,0.0,0.0,0.0,0.0,0.0,34.0,6.0,0.0,0.0,0.0,0.0,0.0,0.0,0.0,0.0,0.0,0.0,0.0,0.0,0.0,0.0,0.0,0.0,0.0,0.0
10,16,Bastian Schweinsteiger,Bayern Munich,Germany,,,,,,,0.0,3.1,0.0,0.0135,0.0,10.0,3,3,10,0,352.97499999999997,1,1.0,1.0,0.0,0.0,0.0,12.0,0.0,0.0,0.0,0.0,0.0,0.0,33.0,4.0,0.0,0.0,0.0,0.0,0.0,0.0,0.0,0.0,0.0,0.0,0.0,0.0,0.0,0.0,0.0,0.0,0.0,0.0
10,21,Miroslav Klose,Bayern Munich,Germany,,,,,,,0.0,2.4,0.0,0.0034,0.0,10.0,6,2,3,0,681.072,1,1.0,1.0,0.0,0.0,0.0,8.0,0.0,0.0,0.0,0.0,0.0,0.0,25.0,5.0,0.0,0.0,0.0,0.0,0.0,0.0,0.0,0.0,0.0,0.0,0.0,0.0,0.0,0.0,0.0,0.0,0.0,0.0
10,22,Dani Alves,FC Barcelona,Brazil,,,,,,,0.0,2.3,0.0,0.0009000000000000001,0.0,10.0,3,15,10,0,1766.493,1,2.0,3.0,0.0,0.0,0.0,11.0,29.0,3.0,0.0,0.0,0.0,0.0,0.0,0.0,0.0,0.0,0.0,2.0,1.0,2.0,0.0,0.0,0.0,0.0,0.0,0.0,0.0,0.0,0.0,0.0,0.0,0.0
10,22,Philipp Lahm,Bayern Munich,Germany,,,,,,,0.0,2.3,0.0,0.0009000000000000001,0.0,10.0,1,12,2,0,558.2299999999999,1,1.0,1.0,0.0,0.0,0.0,13.0,0.0,0.0,0.0,0.0,0.0,0.0,34.0,6.0,0.0,0.0,0.0,0.0,0.0,0.0,0.0,0.0,0.0,0.0,0.0,0.0,0.0,0.0,0.0,0.0,0.0,0.0
11,1,Lionel Messi,FC Barcelona,Argentina,,,,,,,0.0,50.0,0.0,0.8618,0.0,11.0,53,27,4,0,673.905,1,2.0,1.0,0.0,0.0,0.0,13.0,33.0,7.0,0.0,0.0,0.0,0.0,0.0,0.0,0.0,0.0,0.0,0.0,0.0,2.0,0.0,0.0,0.0,0.0,0.0,0.0,0.0,0.0,0.0,0.0,0.0,0.0
11,3,Xavi,FC Barcelona,Spain,,,,,,,0.0,16.7,0.0,0.1661,0.0,11.0,5,15,6,0,1569.46,1,2.0,1.0,0.0,0.0,0.0,12.0,31.0,6.0,0.0,0.0,0.0,0.0,0.0,0.0,0.0,0.0,0.0,0.0,0.0,1.0,0.0,0.0,0.0,0.0,0.0,0.0,0.0,0.0,0.0,0.0,0.0,0.0
11,4,Andrés Iniesta,FC Barcelona,Spain,,,,,,,0.0,12.5,0.0,0.1082,0.0,11.0,9,15,4,0,1354.788,1,2.0,1.0,0.0,0.0,0.0,10.0,34.0,5.0,0.0,0.0,0.0,0.0,0.0,0.0,0.0,0.0,0.0,0.0,0.0,1.0,0.0,0.0,0.0,0.0,0.0,0.0,0.0,0.0,0.0,0.0,0.0,0.0
11,5,Wayne Rooney,Manchester United,England,,,,,,,0.0,10.0,0.0,0.0416,0.0,11.0,16,14,6,0,985.225,1,2.0,1.0,28.0,2.0,1.0,9.0,0.0,0.0,0.0,0.0,0.0,0.0,0.0,0.0,0.0,0.0,0.0,0.0,0.0,0.0,0.0,0.0,0.0,0.0,0.0,0.0,0.0,0.0,0.0,0.0,0.0,0.0
11,13,Thomas Müller,Bayern Munich,Germany,,,,,,,0.0,3.8,0.0,0.0115,0.0,11.0,19,19,2,0,1149.795,1,2.0,1.0,0.0,0.0,0.0,8.0,0.0,0.0,0.0,0.0,0.0,0.0,34.0,5.0,0.0,0.0,0.0,0.0,0.0,0.0,1.0,0.0,0.0,0.0,0.0,0.0,0.0,0.0,0.0,0.0,0.0,0.0
11,14,David Villa,FC Barcelona,Spain,,,,,,,0.0,3.6,0.0,0.0095,0.0,11.0,23,12,3,1,1339.7559999999999,1,2.0,1.0,0.0,0.0,0.0,12.0,34.0,5.0,0.0,0.0,0.0,0.0,0.0,0.0,0.0,0.0,0.0,0.0,0.0,1.0,0.0,0.0,0.0,0.0,0.0,0.0,0.0,0.0,0.0,0.0,0.0,0.0
11,15,Bastian Schweinsteiger,Bayern Munich,Germany,,,,,,,0.0,3.3,0.0,0.009,0.0,11.0,8,10,9,0,1116.733,1,2.0,1.0,0.0,0.0,0.0,7.0,0.0,0.0,0.0,0.0,0.0,0.0,32.0,5.0,0.0,0.0,0.0,0.0,0.0,0.0,1.0,0.0,0.0,0.0,0.0,0.0,0.0,0.0,0.0,0.0,0.0,0.0
11,18,Éric Abidal,FC Barcelona,France,,,,,,,0.0,2.8,0.0,0.0065,0.0,11.0,1,1,3,0,1072.0230000000001,1,2.0,1.0,0.0,0.0,0.0,8.0,26.0,5.0,0.0,0.0,0.0,0.0,0.0,0.0,0.0,0.0,0.0,0.0,0.0,2.0,0.0,0.0,0.0,0.0,0.0,0.0,0.0,0.0,0.0,0.0,0.0,0.0
11,19,Dani Alves,FC Barcelona,Brazil,,,,,,,0.0,2.6,0.0,0.0061,0.0,11.0,4,21,13,0,663.981,1,2.0,1.0,0.0,0.0,0.0,12.0,35.0,5.0,0.0,0.0,0.0,0.0,0.0,0.0,0.0,0.0,0.0,0.0,0.0,2.0,0.0,0.0,0.0,0.0,0.0,0.0,0.0,0.0,0.0,0.0,0.0,0.0
11,22,Nani,Manchester United,Portugal,,,,,,,0.0,2.3,0.0,0.0047,0.0,11.0,10,20,2,0,1008.668,1,2.0,1.0,33.0,3.0,1.0,12.0,0.0,0.0,0.0,0.0,0.0,0.0,0.0,0.0,0.0,0.0,0.0,0.0,0.0,0.0,0.0,0.0,0.0,0.0,0.0,0.0,0.0,0.0,0.0,0.0,0.0,0.0
11,23,Gerard Piqué,FC Barcelona,Spain,,,,,,,0.0,2.2,0.0,0.004,0.0,11.0,4,1,15,0,708.6759999999999,1,2.0,1.0,0.0,0.0,0.0,12.0,31.0,7.0,0.0,0.0,0.0,0.0,0.0,0.0,0.0,0.0,0.0,0.0,0.0,1.0,0.0,0.0,0.0,0.0,0.0,0.0,0.0,0.0,0.0,0.0,0.0,0.0
12,1,Lionel Messi,FC Barcelona,Argentina,,,,,,,0.0,50.0,0.0,0.7488,0.0,12.0,73,32,9,0,1955.269,1,2.0,3.0,0.0,0.0,0.0,11.0,37.0,7.0,0.0,0.0,0.0,0.0,0.0,0.0,0.0,0.0,0.0,2.0,1.0,2.0,0.0,0.0,0.0,0.0,0.0,0.0,0.0,0.0,0.0,0.0,0.0,0.0
12,3,Andrés Iniesta,FC Barcelona,Spain,,,,,,,0.0,16.7,0.0,0.1964,0.0,12.0,8,12,7,0,1326.864,1,2.0,3.0,0.0,0.0,0.0,8.0,27.0,6.0,0.0,0.0,0.0,0.0,0.0,0.0,0.0,0.0,0.0,2.0,1.0,2.0,0.0,0.0,0.0,0.0,0.0,0.0,0.0,0.0,0.0,0.0,0.0,0.0
12,4,Xavi,FC Barcelona,Spain,,,,,,,0.0,12.5,0.0,0.0734,0.0,12.0,14,15,5,0,1582.164,1,2.0,3.0,0.0,0.0,0.0,9.0,31.0,7.0,0.0,0.0,0.0,0.0,0.0,0.0,0.0,0.0,0.0,1.0,1.0,2.0,0.0,0.0,0.0,0.0,0.0,0.0,0.0,0.0,0.0,0.0,0.0,0.0
12,12,Yaya Touré,Manchester City,Ivory Coast,,,,,,,0.0,4.2,0.0,0.0137,0.0,12.0,9,10,13,0,877.648,1,1.0,2.0,32.0,0.0,1.0,6.0,0.0,0.0,0.0,0.0,0.0,0.0,0.0,0.0,0.0,0.0,0.0,0.0,0.0,0.0,0.0,3.0,0.0,0.0,0.0,0.0,0.0,0.0,0.0,0.0,0.0,0.0
12,15,Wayne Rooney,Manchester United,England,,,,,,,0.0,3.3,0.0,0.007000000000000001,0.0,12.0,34,9,2,0,812.8340000000001,1,2.0,2.0,34.0,1.0,1.0,4.0,0.0,0.0,0.0,0.0,0.0,0.0,0.0,0.0,0.0,0.0,0.0,0.0,0.0,0.0,0.0,3.0,0.0,0.0,0.0,0.0,0.0,0.0,0.0,0.0,0.0,0.0
12,17,Sergio Agüero,Manchester City,Argentina,,,,,,,0.0,2.9,0.0,0.005399999999999999,0.0,12.0,30,12,3,0,879.594,1,3.0,2.0,34.0,1.0,0.0,6.0,0.0,0.0,0.0,0.0,0.0,0.0,0.0,0.0,0.0,0.0,3.0,0.0,0.0,0.0,0.0,4.0,0.0,0.0,0.0,0.0,0.0,0.0,0.0,0.0,0.0,0.0
12,20,Sergio Busquets,FC Barcelona,Spain,,,,,,,0.0,2.5,0.0,0.0036000000000000003,0.0,12.0,2,3,11,0,1635.435,1,2.0,3.0,0.0,0.0,0.0,10.0,31.0,8.0,0.0,0.0,0.0,0.0,0.0,0.0,0.0,0.0,0.0,1.0,1.0,1.0,0.0,0.0,0.0,0.0,0.0,0.0,0.0,0.0,0.0,0.0,0.0,0.0
12,21,Gerard Piqué,FC Barcelona,Spain,,,,,,,0.0,2.4,0.0,0.002,0.0,12.0,2,2,9,1,1268.472,1,2.0,2.0,0.0,0.0,0.0,5.0,22.0,8.0,0.0,0.0,0.0,0.0,0.0,0.0,0.0,0.0,0.0,1.0,0.0,2.0,0.0,0.0,0.0,0.0,0.0,0.0,0.0,0.0,0.0,0.0,0.0,0.0
13,2,Lionel Messi,FC Barcelona,Argentina,,,,,,,0.0,25.0,0.0,0.445,0.0,13.0,60,17,2,0,1447.626,1,2.0,1.0,0.0,0.0,0.0,11.0,32.0,5.0,0.0,0.0,0.0,0.0,0.0,0.0,0.0,0.0,0.0,0.0,0.0,2.0,0.0,0.0,0.0,0.0,0.0,0.0,0.0,0.0,0.0,0.0,0.0,0.0
13,3,Franck Ribéry,Bayern Munich,France,,,,,,,0.0,16.7,0.0,0.4205,0.0,13.0,11,23,4,1,1113.117,1,2.0,1.0,0.0,0.0,0.0,12.0,0.0,0.0,0.0,0.0,0.0,0.0,27.0,3.0,0.0,0.0,0.0,0.0,0.0,0.0,1.0,0.0,0.0,0.0,0.0,0.0,0.0,0.0,0.0,0.0,0.0,0.0
13,4,Zlatan Ibrahimović,Paris Saint-Germain,Sweden,,,,,,,0.0,12.5,0.0,0.0952,0.0,13.0,35,17,10,2,1111.974,1,2.0,1.0,0.0,0.0,0.0,9.0,0.0,0.0,0.0,0.0,0.0,0.0,0.0,0.0,0.0,0.0,0.0,0.0,0.0,0.0,0.0,0.0,34.0,2.0,1.0,0.0,0.0,0.0,0.0,0.0,0.0,0.0
13,6,Andrés Iniesta,FC Barcelona,Spain,,,,,,,0.0,8.3,0.0,0.0374,0.0,13.0,6,22,5,0,1420.097,1,2.0,1.0,0.0,0.0,0.0,10.0,31.0,5.0,0.0,0.0,0.0,0.0,0.0,0.0,0.0,0.0,0.0,0.0,0.0,2.0,0.0,0.0,0.0,0.0,0.0,0.0,0.0,0.0,0.0,0.0,0.0,0.0
13,7,Robin van Persie,Manchester United,Netherlands,,,,,,,0.0,7.099999999999999,0.0,0.0322,0.0,13.0,30,15,8,0,575.124,1,1.0,1.0,38.0,4.0,0.0,6.0,0.0,0.0,0.0,0.0,0.0,0.0,0.0,0.0,0.0,0.0,0.0,0.0,0.0,0.0,0.0,0.0,0.0,0.0,0.0,0.0,0.0,0.0,0.0,0.0,0.0,0.0
13,8,Arjen Robben,Bayern Munich,Netherlands,,,,,,,0.0,6.3,0.0,0.0319,0.0,13.0,13,13,2,0,2210.0,1,2.0,1.0,0.0,0.0,0.0,9.0,0.0,0.0,0.0,0.0,0.0,0.0,16.0,5.0,0.0,0.0,0.0,0.0,0.0,0.0,1.0,0.0,0.0,0.0,0.0,0.0,0.0,0.0,0.0,0.0,0.0,0.0
13,12,Yaya Touré,Manchester City,Ivory Coast,,,,,,,0.0,4.2,0.0,0.0178,0.0,13.0,9,7,11,0,902.8299999999999,1,2.0,1.0,32.0,4.0,1.0,5.0,0.0,0.0,0.0,0.0,0.0,0.0,0.0,0.0,0.0,0.0,0.0,0.0,0.0,0.0,0.0,0.0,0.0,0.0,0.0,0.0,0.0,0.0,0.0,0.0,0.0,0.0
13,13,Robert Lewandowski,Borussia Dortmund,Poland,,,,,,,0.0,3.8,0.0,0.0166,0.0,13.0,36,13,3,1,432.68399999999997,1,2.0,1.0,0.0,0.0,0.0,13.0,0.0,0.0,0.0,0.0,0.0,0.0,31.0,4.0,0.0,0.0,0.0,0.0,0.0,0.0,1.0,0.0,0.0,0.0,0.0,0.0,0.0,0.0,0.0,0.0,0.0,0.0
13,14,Philipp Lahm,Bayern Munich,Germany,,,,,,,0.0,3.6,0.0,0.0148,0.0,13.0,0,19,2,0,543.569,1,2.0,1.0,0.0,0.0,0.0,12.0,0.0,0.0,0.0,0.0,0.0,0.0,29.0,5.0,0.0,0.0,0.0,0.0,0.0,0.0,1.0,0.0,0.0,0.0,0.0,0.0,0.0,0.0,0.0,0.0,0.0,0.0
13,15,Xavi,FC Barcelona,Spain,,,,,,,0.0,3.3,0.0,0.0146,0.0,13.0,7,13,0,0,1475.192,1,2.0,1.0,0.0,0.0,0.0,11.0,30.0,5.0,0.0,0.0,0.0,0.0,0.0,0.0,0.0,0.0,0.0,0.0,0.0,2.0,0.0,0.0,0.0,0.0,0.0,0.0,0.0,0.0,0.0,0.0,0.0,0.0
13,17,Bastian Schweinsteiger,Bayern Munich,Germany,,,,,,,0.0,2.9,0.0,0.007700000000000001,0.0,13.0,9,11,10,0,1316.358,1,1.0,1.0,0.0,0.0,0.0,12.0,0.0,0.0,0.0,0.0,0.0,0.0,28.0,5.0,0.0,0.0,0.0,0.0,0.0,0.0,0.0,0.0,0.0,0.0,0.0,0.0,0.0,0.0,0.0,0.0,0.0,0.0
13,18,Thomas Müller,Bayern Munich,Germany,,,,,,,0.0,2.8,0.0,0.0077,0.0,13.0,23,17,2,0,431.144,1,2.0,1.0,0.0,0.0,0.0,13.0,0.0,0.0,0.0,0.0,0.0,0.0,28.0,5.0,0.0,0.0,0.0,0.0,0.0,0.0,1.0,0.0,0.0,0.0,0.0,0.0,0.0,0.0,0.0,0.0,0.0,0.0
13,21,Thiago Silva,Paris Saint-Germain,Brazil,,,,,,,0.0,2.4,0.0,0.0043,0.0,13.0,3,0,5,1,1132.9,1,2.0,1.0,0.0,0.0,0.0,9.0,0.0,0.0,0.0,0.0,0.0,0.0,0.0,0.0,0.0,0.0,0.0,0.0,0.0,0.0,0.0,0.0,22.0,1.0,2.0,0.0,0.0,0.0,0.0,0.0,0.0,0.0
14,2,Lionel Messi,FC Barcelona,Argentina,,,,,,,0.0,25.0,0.0,0.2837,0.0,14.0,41,14,3,0,1244.501,1,2.0,1.0,0.0,0.0,0.0,7.0,31.0,6.0,0.0,0.0,0.0,0.0,0.0,0.0,0.0,0.0,0.0,0.0,0.0,2.0,0.0,0.0,0.0,0.0,0.0,0.0,0.0,0.0,0.0,0.0,0.0,0.0
14,4,Arjen Robben,Bayern Munich,Netherlands,,,,,,,0.0,12.5,0.0,0.1291,0.0,14.0,21,17,1,0,1441.685,1,2.0,2.0,0.0,0.0,0.0,10.0,0.0,0.0,0.0,0.0,0.0,0.0,28.0,5.0,0.0,0.0,0.0,0.0,1.0,0.0,1.0,0.0,0.0,0.0,0.0,0.0,0.0,0.0,0.0,0.0,0.0,0.0
14,5,Thomas Müller,Bayern Munich,Germany,,,,,,,0.0,10.0,0.0,0.0976,0.0,14.0,26,14,3,0,1411.166,1,2.0,3.0,0.0,0.0,0.0,12.0,0.0,0.0,0.0,0.0,0.0,0.0,31.0,5.0,0.0,0.0,0.0,1.0,1.0,0.0,1.0,0.0,0.0,0.0,0.0,0.0,0.0,0.0,0.0,0.0,0.0,0.0
14,6,Philipp Lahm,Bayern Munich,Germany,,,,,,,0.0,8.3,0.0,0.0522,0.0,14.0,1,9,2,0,1658.335,1,2.0,3.0,0.0,0.0,0.0,12.0,0.0,0.0,0.0,0.0,0.0,0.0,28.0,4.0,0.0,0.0,0.0,2.0,1.0,0.0,1.0,0.0,0.0,0.0,0.0,0.0,0.0,0.0,0.0,0.0,0.0,0.0
14,7,Neymar,FC Barcelona,Brazil,,,,,,,0.0,7.1,0.0,0.0398,0.0,14.0,15,15,9,0,1103.7359999999999,1,2.0,1.0,0.0,0.0,0.0,10.0,26.0,3.0,0.0,0.0,0.0,0.0,0.0,0.0,0.0,0.0,0.0,0.0,0.0,2.0,0.0,0.0,0.0,0.0,0.0,0.0,0.0,0.0,0.0,0.0,0.0,0.0
14,13,Zlatan Ibrahimović,Paris Saint-Germain,Sweden,,,,,,,0.0,3.8,0.0,0.018,0.0,14.0,41,17,7,0,983.771,1,3.0,1.0,0.0,0.0,0.0,8.0,0.0,0.0,0.0,0.0,0.0,0.0,0.0,0.0,0.0,0.0,0.0,0.0,0.0,0.0,0.0,0.0,33.0,2.0,2.0,1.0,0.0,0.0,0.0,0.0,0.0,0.0
14,14,Yaya Touré,Manchester City,Ivory Coast,,,,,,,0.0,3.6,0.0,0.0155,0.0,14.0,24,12,9,0,1017.927,1,2.0,1.0,35.0,4.0,0.0,7.0,0.0,0.0,0.0,0.0,0.0,0.0,0.0,0.0,0.0,0.0,3.0,0.0,0.0,0.0,0.0,0.0,0.0,0.0,0.0,0.0,0.0,0.0,0.0,0.0,0.0,0.0
14,15,Mario Götze,Bayern Munich,Germany,,,,,,,0.0,3.3,0.0,0.015099999999999999,0.0,14.0,15,13,0,0,987.822,1,1.0,3.0,0.0,0.0,0.0,11.0,0.0,0.0,0.0,0.0,0.0,0.0,27.0,4.0,0.0,0.0,0.0,2.0,1.0,0.0,0.0,0.0,0.0,0.0,0.0,0.0,0.0,0.0,0.0,0.0,0.0,0.0
14,17,Andrés Iniesta,FC Barcelona,Spain,,,,,,,0.0,2.9,0.0,0.0121,0.0,14.0,3,13,2,0,1210.489,1,2.0,1.0,0.0,0.0,0.0,9.0,35.0,6.0,0.0,0.0,0.0,0.0,0.0,0.0,0.0,0.0,0.0,0.0,0.0,2.0,0.0,0.0,0.0,0.0,0.0,0.0,0.0,0.0,0.0,0.0,0.0,0.0
14,18,Bastian Schweinsteiger,Bayern Munich,Germany,,,,,,,0.0,2.8,0.0,0.0103,0.0,14.0,8,5,5,0,841.831,1,2.0,1.0,0.0,0.0,0.0,8.0,0.0,0.0,0.0,0.0,0.0,0.0,23.0,4.0,0.0,0.0,0.0,0.0,0.0,0.0,1.0,0.0,0.0,0.0,0.0,0.0,0.0,0.0,0.0,0.0,0.0,0.0
14,19,Javier Mascherano,FC Barcelona,Argentina,,,,,,,0.0,2.6,0.0,0.0099,0.0,14.0,0,0,13,0,1489.363,1,2.0,1.0,0.0,0.0,0.0,9.0,28.0,7.0,0.0,0.0,0.0,0.0,0.0,0.0,0.0,0.0,0.0,0.0,0.0,2.0,0.0,0.0,0.0,0.0,0.0,0.0,0.0,0.0,0.0,0.0,0.0,0.0
15,1,Lionel Messi,FC Barcelona,Argentina,1840.0,,,,,,0.0,50.0,0.0,0.7403999999999998,0.0,15.0,58,31,6,0,544.52,1,1.0,1.0,0.0,0.0,0.0,13.0,38.0,6.0,0.0,0.0,0.0,0.0,0.0,0.0,0.0,0.0,0.0,0.0,0.0,0.0,0.0,0.0,0.0,0.0,0.0,0.0,0.0,0.0,0.0,0.0,0.0,0.0
15,3,Neymar,FC Barcelona,Brazil,336.0,,,,,,0.0,16.7,0.0,0.1352,0.0,15.0,39,10,8,0,506.59499999999997,1,1.0,1.0,0.0,0.0,0.0,12.0,33.0,6.0,0.0,0.0,0.0,0.0,0.0,0.0,0.0,0.0,0.0,0.0,0.0,0.0,0.0,0.0,0.0,0.0,0.0,0.0,0.0,0.0,0.0,0.0,0.0,0.0
15,4,Robert Lewandowski,Bayern Munich,Poland,188.0,,,,,,0.0,12.5,0.0,0.0757,0.0,15.0,25,13,1,0,1518.487,1,2.0,1.0,0.0,0.0,0.0,12.0,0.0,0.0,0.0,0.0,0.0,0.0,31.0,5.0,0.0,0.0,0.0,0.0,0.0,0.0,1.0,0.0,0.0,0.0,0.0,0.0,0.0,0.0,0.0,0.0,0.0,0.0
15,5,Luis Suárez Díaz,FC Barcelona,Uruguay,166.0,,,,,,0.0,10.0,0.0,0.0668,0.0,15.0,25,23,7,0,1357.1779999999999,1,1.0,1.0,0.0,0.0,0.0,10.0,27.0,6.0,0.0,0.0,0.0,0.0,0.0,0.0,0.0,0.0,0.0,0.0,0.0,0.0,0.0,0.0,0.0,0.0,0.0,0.0,0.0,0.0,0.0,0.0,0.0,0.0
15,6,Thomas Müller,Bayern Munich,Germany,97.0,,,,,,0.0,8.3,0.0,0.039,0.0,15.0,21,18,2,0,1211.373,1,2.0,1.0,0.0,0.0,0.0,10.0,0.0,0.0,0.0,0.0,0.0,0.0,32.0,5.0,0.0,0.0,0.0,0.0,0.0,0.0,1.0,0.0,0.0,0.0,0.0,0.0,0.0,0.0,0.0,0.0,0.0,0.0
15,9,Andrés Iniesta,FC Barcelona,Spain,55.0,,,,,,0.0,5.599999999999999,0.0,0.022099999999999998,0.0,15.0,3,8,3,0,1337.5900000000001,1,1.0,1.0,0.0,0.0,0.0,11.0,24.0,7.0,0.0,0.0,0.0,0.0,0.0,0.0,0.0,0.0,0.0,0.0,0.0,0.0,0.0,0.0,0.0,0.0,0.0,0.0,0.0,0.0,0.0,0.0,0.0,0.0
15,11,Zlatan Ibrahimović,Paris Saint-Germain,Sweden,47.0,,,,,,0.0,4.5,0.0,0.0189,0.0,15.0,30,8,5,1,1109.004,1,3.0,1.0,0.0,0.0,0.0,6.0,0.0,0.0,0.0,0.0,0.0,0.0,0.0,0.0,0.0,0.0,0.0,0.0,0.0,0.0,0.0,0.0,24.0,3.0,3.0,1.0,0.0,0.0,0.0,0.0,0.0,0.0
15,12,Yaya Touré,Manchester City,Ivory Coast,38.0,,,,,,0.0,4.2,0.0,0.0153,0.0,15.0,12,1,6,1,700.356,1,3.0,1.0,29.0,1.0,1.0,5.0,0.0,0.0,0.0,0.0,0.0,0.0,0.0,0.0,0.0,0.0,2.0,0.0,0.0,0.0,0.0,0.0,0.0,0.0,0.0,0.0,0.0,0.0,0.0,0.0,0.0,0.0
15,13,Sergio Agüero,Manchester City,Argentina,37.0,,,,,,0.0,3.8,0.0,0.0149,0.0,15.0,32,9,7,0,662.54,1,2.0,1.0,33.0,1.0,0.0,7.0,0.0,0.0,0.0,0.0,0.0,0.0,0.0,0.0,0.0,0.0,1.0,0.0,0.0,0.0,0.0,0.0,0.0,0.0,0.0,0.0,0.0,0.0,0.0,0.0,0.0,0.0
15,14,Javier Mascherano,FC Barcelona,Argentina,35.0,,,,,,0.0,3.6,0.0,0.0141,0.0,15.0,0,2,11,1,591.285,1,1.0,1.0,0.0,0.0,0.0,12.0,28.0,7.0,0.0,0.0,0.0,0.0,0.0,0.0,0.0,0.0,0.0,0.0,0.0,0.0,0.0,0.0,0.0,0.0,0.0,0.0,0.0,0.0,0.0,0.0,0.0,0.0
15,21,Arjen Robben,Bayern Munich,Netherlands,13.0,,,,,,0.0,2.4,0.0,0.0052,0.0,15.0,19,9,0,0,526.678,1,1.0,1.0,0.0,0.0,0.0,7.0,0.0,0.0,0.0,0.0,0.0,0.0,21.0,2.0,0.0,0.0,0.0,0.0,0.0,0.0,0.0,0.0,0.0,0.0,0.0,0.0,0.0,0.0,0.0,0.0,0.0,0.0
15,23,Ivan Rakitić,FC Barcelona,Croatia,2.0,,,,,,0.0,2.2,0.0,0.0008,0.0,15.0,8,10,3,0,1314.032,1,1.0,1.0,0.0,0.0,0.0,12.0,32.0,7.0,0.0,0.0,0.0,0.0,0.0,0.0,0.0,0.0,0.0,0.0,0.0,0.0,0.0,0.0,0.0,0.0,0.0,0.0,0.0,0.0,0.0,0.0,0.0,0.0
16,2,Lionel Messi,FC Barcelona,Argentina,316.0,,,,,,0.0,25.0,0.0,0.3653,0.0,16.0,41,24,5,0,1502.73,1,2.0,3.0,0.0,0.0,0.0,7.0,33.0,5.0,0.0,0.0,0.0,0.0,0.0,0.0,0.0,0.0,0.0,1.0,1.0,2.0,0.0,0.0,0.0,0.0,0.0,0.0,0.0,0.0,0.0,0.0,0.0,0.0
16,4,Luis Suárez Díaz,FC Barcelona,Uruguay,91.0,,,,,,0.0,12.5,0.0,0.1052,0.0,16.0,59,24,10,0,1619.15,1,2.0,3.0,0.0,0.0,0.0,9.0,35.0,4.0,0.0,0.0,0.0,0.0,0.0,0.0,0.0,0.0,0.0,2.0,1.0,2.0,0.0,0.0,0.0,0.0,0.0,0.0,0.0,0.0,0.0,0.0,0.0,0.0
16,5,Neymar,FC Barcelona,Brazil,68.0,,,,,,0.0,10.0,0.0,0.0786,0.0,16.0,31,25,11,0,1381.056,1,1.0,2.0,0.0,0.0,0.0,9.0,34.0,5.0,0.0,0.0,0.0,0.0,0.0,0.0,0.0,0.0,0.0,1.0,0.0,0.0,0.0,0.0,0.0,0.0,0.0,0.0,0.0,0.0,0.0,0.0,0.0,0.0
16,7,Riyad Mahrez,Leicester City,Algeria,20.0,,,,,,0.0,7.099999999999999,0.0,0.0231,0.0,16.0,18,10,1,0,77.05,1,2.0,0.0,37.0,0.0,0.0,0.0,0.0,0.0,0.0,0.0,0.0,0.0,0.0,0.0,0.0,0.0,2.0,0.0,0.0,0.0,0.0,0.0,0.0,0.0,0.0,0.0,0.0,0.0,0.0,0.0,0.0,0.0
16,8,Jamie Vardy,Leicester City,England,11.0,,,,,,0.0,6.3,0.0,0.012699999999999998,0.0,16.0,24,8,5,0,74.139,1,2.0,0.0,36.0,1.0,0.0,0.0,0.0,0.0,0.0,0.0,0.0,0.0,0.0,0.0,0.0,0.0,1.0,0.0,0.0,0.0,0.0,0.0,0.0,0.0,0.0,0.0,0.0,0.0,0.0,0.0,0.0,0.0
16,11,Pierre-Emerick Aubameyang,Borussia Dortmund,Gabon,7.0,,,,,,0.0,4.5,0.0,0.0081,0.0,16.0,39,12,4,0,1460.469,1,1.0,2.0,0.0,0.0,0.0,0.0,0.0,0.0,0.0,0.0,0.0,0.0,31.0,4.0,0.0,0.0,0.0,0.0,0.0,0.0,0.0,10.0,0.0,0.0,0.0,0.0,4.0,0.0,0.0,0.0,0.0,0.0
16,14,Arturo Vidal,Bayern Munich,Chile,4.0,,,,,,0.0,3.6,0.0,0.0046,0.0,16.0,7,12,9,0,1159.048,1,2.0,1.0,0.0,0.0,0.0,11.0,0.0,0.0,0.0,0.0,0.0,0.0,30.0,6.0,0.0,0.0,0.0,0.0,0.0,0.0,1.0,0.0,0.0,0.0,0.0,0.0,0.0,0.0,0.0,0.0,0.0,0.0
16,16,Robert Lewandowski,Bayern Munich,Poland,3.0,,,,,,0.0,3.1,0.0,0.0035,0.0,16.0,42,7,4,0,1586.653,1,2.0,1.0,0.0,0.0,0.0,12.0,0.0,0.0,0.0,0.0,0.0,0.0,32.0,6.0,0.0,0.0,0.0,0.0,0.0,0.0,1.0,0.0,0.0,0.0,0.0,0.0,0.0,0.0,0.0,0.0,0.0,0.0
16,17,Dimitri Payet,West Ham United,France,1.0,,,,,,0.0,2.9,0.0,0.0012,0.0,16.0,12,15,5,0,652.573,1,2.0,1.0,30.0,6.0,0.0,0.0,0.0,0.0,0.0,0.0,0.0,0.0,0.0,0.0,0.0,0.0,1.0,0.0,0.0,0.0,0.0,0.0,0.0,0.0,0.0,0.0,1.0,0.0,0.0,0.0,0.0,0.0
16,50,Andrés Iniesta,FC Barcelona,Spain,0.0,,,,,,0.0,1.0,0.0,0.0,0.0,16.0,1,4,7,0,1264.247,1,2.0,3.0,0.0,0.0,0.0,7.0,28.0,4.0,0.0,0.0,0.0,0.0,0.0,0.0,0.0,0.0,0.0,2.0,1.0,2.0,0.0,0.0,0.0,0.0,0.0,0.0,0.0,0.0,0.0,0.0,0.0,0.0
16,50,Kevin De Bruyne,Manchester City,Belgium,0.0,,,,,,0.0,1.0,0.0,0.0,0.0,16.0,16,13,3,0,1111.003,1,2.0,1.0,25.0,1.0,0.0,10.0,0.0,0.0,0.0,0.0,0.0,0.0,0.0,0.0,0.0,0.0,5.0,0.0,0.0,0.0,0.0,0.0,0.0,0.0,0.0,0.0,0.0,0.0,0.0,0.0,0.0,0.0
16,50,Sergio Agüero,Manchester City,Argentina,0.0,,,,,,0.0,1.0,0.0,0.0,0.0,16.0,29,5,1,0,1151.374,1,2.0,1.0,30.0,1.0,0.0,9.0,0.0,0.0,0.0,0.0,0.0,0.0,0.0,0.0,0.0,0.0,4.0,0.0,0.0,0.0,0.0,0.0,0.0,0.0,0.0,0.0,0.0,0.0,0.0,0.0,0.0,0.0
16,50,Thomas Müller,Bayern Munich,Germany,0.0,,,,,,0.0,1.0,0.0,0.0,0.0,16.0,32,13,6,0,1480.341,1,2.0,1.0,0.0,0.0,0.0,12.0,0.0,0.0,0.0,0.0,0.0,0.0,31.0,5.0,0.0,0.0,0.0,0.0,0.0,0.0,1.0,0.0,0.0,0.0,0.0,0.0,0.0,0.0,0.0,0.0,0.0,0.0
17,2,Lionel Messi,FC Barcelona,Argentina,670.0,,,,,,0.0,25.0,0.0,0.4281,0.0,17.0,54,20,9,0,1622.8319999999999,1,2.0,1.0,0.0,0.0,0.0,9.0,34.0,7.0,0.0,0.0,0.0,0.0,0.0,0.0,0.0,0.0,0.0,0.0,0.0,2.0,0.0,0.0,0.0,0.0,0.0,0.0,0.0,0.0,0.0,0.0,0.0,0.0
17,9,Robert Lewandowski,Bayern Munich,Poland,45.0,,,,,,0.0,5.6,0.0,0.0288,0.0,17.0,43,9,5,0,1246.777,1,2.0,1.0,0.0,0.0,0.0,9.0,0.0,0.0,0.0,0.0,0.0,0.0,33.0,4.0,0.0,0.0,0.0,0.0,0.0,0.0,1.0,0.0,0.0,0.0,0.0,0.0,0.0,0.0,0.0,0.0,0.0,0.0
17,10,Harry Kane,Tottenham Hotspur,England,36.0,,,,,,0.0,5.0,0.0,0.023,0.0,17.0,35,7,4,0,620.5360000000001,1,1.0,2.0,30.0,3.0,0.0,3.0,0.0,0.0,0.0,0.0,0.0,0.0,0.0,0.0,0.0,0.0,0.0,0.0,0.0,0.0,0.0,2.0,0.0,0.0,0.0,0.0,0.0,0.0,0.0,0.0,0.0,0.0
17,11,Edinson Cavani,Paris Saint-Germain,Uruguay,32.0,,,,,,0.0,4.5,0.0,0.0204,0.0,17.0,49,6,6,0,1165.976,1,2.0,1.0,0.0,0.0,0.0,8.0,0.0,0.0,0.0,0.0,0.0,0.0,0.0,0.0,0.0,0.0,0.0,0.0,0.0,0.0,0.0,0.0,36.0,3.0,3.0,0.0,0.0,0.0,0.0,0.0,0.0,0.0
17,13,Luis Suárez Díaz,FC Barcelona,Uruguay,27.0,,,,,,0.0,3.8,0.0,0.0173,0.0,17.0,36,20,13,0,1442.864,1,2.0,1.0,0.0,0.0,0.0,9.0,35.0,6.0,0.0,0.0,0.0,0.0,0.0,0.0,0.0,0.0,0.0,0.0,0.0,1.0,0.0,0.0,0.0,0.0,0.0,0.0,0.0,0.0,0.0,0.0,0.0,0.0
17,14,Kevin De Bruyne,Manchester City,Belgium,25.0,,,,,,0.0,3.6,0.0,0.016,0.0,17.0,7,21,6,0,1027.885,1,2.0,2.0,36.0,5.0,0.0,6.0,0.0,0.0,0.0,0.0,0.0,0.0,0.0,0.0,0.0,1.0,1.0,0.0,0.0,0.0,0.0,0.0,0.0,0.0,0.0,0.0,0.0,0.0,0.0,0.0,0.0,0.0
17,21,Pierre-Emerick Aubameyang,Borussia Dortmund,Gabon,14.0,,,,,,0.0,2.4,0.0,0.0089,0.0,17.0,40,5,4,0,1178.781,1,2.0,1.0,0.0,0.0,0.0,9.0,0.0,0.0,0.0,0.0,0.0,0.0,32.0,4.0,0.0,0.0,0.0,0.0,0.0,0.0,1.0,0.0,0.0,0.0,0.0,0.0,0.0,0.0,0.0,0.0,0.0,0.0
17,27,Mats Hummels,Bayern Munich,Germany,3.0,,,,,,0.0,1.9,0.0,0.0019,0.0,17.0,3,3,6,0,1082.181,1,2.0,1.0,0.0,0.0,0.0,9.0,0.0,0.0,0.0,0.0,0.0,0.0,27.0,5.0,0.0,0.0,0.0,0.0,0.0,0.0,1.0,0.0,0.0,0.0,0.0,0.0,0.0,0.0,0.0,0.0,0.0,0.0
18,4,Kylian Mbappé,Paris Saint-Germain,France,347.0,19.0,27.0,18.0,22.0,27.0,113.0,12.5,0.0,0.3213,0.6278,18.0,21,16,3,1,1315.096,1,2.0,1.0,0.0,0.0,0.0,8.0,0.0,0.0,0.0,0.0,0.0,0.0,0.0,0.0,0.0,0.0,0.0,0.0,0.0,0.0,0.0,0.0,27.0,5.0,4.0,0.0,0.0,0.0,0.0,0.0,0.0,0.0
18,5,Lionel Messi,FC Barcelona,Argentina,280.0,12.0,14.0,19.0,33.0,29.0,107.0,10.0,0.0,0.2593,0.5944,18.0,45,20,7,0,1474.996,1,2.0,1.0,0.0,0.0,0.0,10.0,36.0,6.0,0.0,0.0,0.0,0.0,0.0,0.0,0.0,0.0,0.0,0.0,0.0,2.0,0.0,0.0,0.0,0.0,0.0,0.0,0.0,0.0,0.0,0.0,0.0,0.0
18,9,Kevin De Bruyne,Manchester City,Belgium,29.0,0.0,0.0,2.0,10.0,3.0,15.0,5.6,0.0,0.0269,0.0833,18.0,12,21,6,0,1107.085,1,2.0,1.0,37.0,3.0,0.0,8.0,0.0,0.0,0.0,0.0,0.0,0.0,0.0,0.0,0.0,0.0,4.0,0.0,0.0,0.0,0.0,0.0,0.0,0.0,0.0,0.0,0.0,0.0,0.0,0.0,0.0,0.0
18,10,Harry Kane,Tottenham Hotspur,England,25.0,1.0,1.0,2.0,2.0,5.0,11.0,5.0,0.0,0.0231,0.0611,18.0,41,5,5,0,873.0830000000001,1,2.0,1.0,37.0,4.0,0.0,7.0,0.0,0.0,0.0,0.0,0.0,0.0,0.0,0.0,0.0,0.0,0.0,0.0,0.0,0.0,0.0,0.0,0.0,0.0,0.0,0.0,0.0,0.0,0.0,0.0,0.0,0.0
18,12,Neymar,Paris Saint-Germain,Brazil,19.0,1.0,1.0,2.0,0.0,3.0,7.0,4.2,0.0,0.0176,0.0389,18.0,28,16,8,0,901.797,1,2.0,1.0,0.0,0.0,0.0,7.0,0.0,0.0,0.0,0.0,0.0,0.0,0.0,0.0,0.0,0.0,0.0,0.0,0.0,0.0,0.0,0.0,20.0,1.0,2.0,0.0,0.0,0.0,0.0,0.0,0.0,0.0
18,13,Luis Suárez Díaz,FC Barcelona,Uruguay,17.0,2.0,0.0,1.0,1.0,0.0,4.0,3.8,0.0,0.0157,0.0222,18.0,31,20,13,0,1547.902,1,2.0,1.0,0.0,0.0,0.0,10.0,33.0,6.0,0.0,0.0,0.0,0.0,0.0,0.0,0.0,0.0,0.0,0.0,0.0,2.0,0.0,0.0,0.0,0.0,0.0,0.0,0.0,0.0,0.0,0.0,0.0,0.0
18,15,Paul Pogba,Manchester United,France,9.0,0.0,0.0,2.0,1.0,1.0,4.0,3.3,0.0,0.0083,0.0222,18.0,6,12,6,1,730.1510000000001,1,2.0,2.0,27.0,3.0,0.0,5.0,0.0,0.0,0.0,0.0,0.0,0.0,0.0,0.0,0.0,0.0,1.0,0.0,1.0,0.0,0.0,0.0,0.0,0.0,0.0,0.0,0.0,0.0,0.0,0.0,0.0,0.0
18,16,Sergio Agüero,Manchester City,Argentina,7.0,1.0,0.0,0.0,0.0,1.0,2.0,3.1,0.0,0.0065,0.0111,18.0,30,7,2,0,965.969,1,2.0,1.0,25.0,3.0,0.0,7.0,0.0,0.0,0.0,0.0,0.0,0.0,0.0,0.0,0.0,0.0,4.0,0.0,0.0,0.0,0.0,0.0,0.0,0.0,0.0,0.0,0.0,0.0,0.0,0.0,0.0,0.0
18,19,Ivan Rakitić,FC Barcelona,Croatia,4.0,0.0,0.0,1.0,0.0,1.0,2.0,2.6,0.0,0.0037,0.0111,18.0,4,5,6,0,1430.838,1,2.0,1.0,0.0,0.0,0.0,10.0,35.0,8.0,0.0,0.0,0.0,0.0,0.0,0.0,0.0,0.0,0.0,0.0,0.0,2.0,0.0,0.0,0.0,0.0,0.0,0.0,0.0,0.0,0.0,0.0,0.0,0.0
18,22,Edinson Cavani,Paris Saint-Germain,Uruguay,3.0,0.0,0.0,0.0,1.0,1.0,2.0,2.3,0.0,0.0028,0.0111,18.0,40,11,4,0,1369.589,1,3.0,1.0,0.0,0.0,0.0,8.0,0.0,0.0,0.0,0.0,0.0,0.0,0.0,0.0,0.0,0.0,0.0,0.0,0.0,0.0,0.0,0.0,32.0,5.0,2.0,1.0,0.0,0.0,0.0,0.0,0.0,0.0
19,6,Kylian Mbappé,Paris Saint-Germain,France,89.0,,,,,,,,0.0,,,19.0,39,17,7,2,1180.3220000000001,1,2.0,1.0,0.0,0.0,0.0,8.0,0.0,0.0,0.0,0.0,0.0,0.0,0.0,0.0,0.0,0.0,0.0,0.0,0.0,0.0,0.0,0.0,29.0,4.0,2.0,0.0,0.0,0.0,0.0,0.0,0.0,0.0
19,8,Robert Lewandowski,Bayern Munich,Poland,44.0,,,,,,,,0.0,,,19.0,40,13,6,0,1222.959,1,2.0,1.0,0.0,0.0,0.0,8.0,0.0,0.0,0.0,0.0,0.0,0.0,33.0,5.0,0.0,0.0,0.0,0.0,0.0,0.0,1.0,0.0,0.0,0.0,0.0,0.0,0.0,0.0,0.0,0.0,0.0,0.0
19,9,Bernardo Silva,Manchester City,Portugal,41.0,,,,,,,,0.0,,,19.0,13,14,3,0,1174.853,1,3.0,1.0,36.0,4.0,1.0,8.0,0.0,0.0,0.0,0.0,0.0,0.0,0.0,0.0,0.0,0.0,2.0,0.0,0.0,0.0,0.0,0.0,0.0,0.0,0.0,0.0,0.0,0.0,0.0,0.0,0.0,0.0
19,10,Riyad Mahrez,Manchester City,Algeria,33.0,,,,,,,,0.0,,,19.0,12,12,1,0,1213.339,1,3.0,1.0,27.0,5.0,1.0,6.0,0.0,0.0,0.0,0.0,0.0,0.0,0.0,0.0,0.0,0.0,5.0,0.0,0.0,0.0,0.0,0.0,0.0,0.0,0.0,0.0,0.0,0.0,0.0,0.0,0.0,0.0
19,14,Kevin De Bruyne,Manchester City,Belgium,14.0,,,,,,,,0.0,,,19.0,6,11,2,0,1828.0,1,2.0,1.0,19.0,4.0,0.0,4.0,0.0,0.0,0.0,0.0,0.0,0.0,0.0,0.0,0.0,0.0,5.0,0.0,0.0,0.0,0.0,0.0,0.0,0.0,0.0,0.0,0.0,0.0,0.0,0.0,0.0,0.0
19,16,Sergio Agüero,Manchester City,Argentina,12.0,,,,,,,,0.0,,,19.0,32,10,5,0,892.48,1,3.0,1.0,33.0,2.0,1.0,7.0,0.0,0.0,0.0,0.0,0.0,0.0,0.0,0.0,0.0,0.0,3.0,0.0,0.0,0.0,0.0,0.0,0.0,0.0,0.0,0.0,0.0,0.0,0.0,0.0,0.0,0.0
19,22,Son Heung-min,Tottenham Hotspur,South Korea,4.0,,,,,,,,0.0,,,19.0,20,10,5,1,1246.046,1,2.0,1.0,31.0,1.0,0.0,12.0,0.0,0.0,0.0,0.0,0.0,0.0,0.0,0.0,0.0,0.0,4.0,0.0,0.0,0.0,0.0,0.0,0.0,0.0,0.0,0.0,0.0,0.0,0.0,0.0,0.0,0.0
19,26,Karim Benzema,Real Madrid,France,1.0,,,,,,,,0.0,,,19.0,30,11,1,0,1347.964,1,1.0,3.0,0.0,0.0,0.0,8.0,36.0,6.0,0.0,0.0,0.0,0.0,0.0,0.0,0.0,0.0,0.0,2.0,1.0,0.0,0.0,0.0,0.0,0.0,0.0,0.0,0.0,0.0,0.0,0.0,0.0,0.0
21,2,Robert Lewandowski,Bayern Munich,Poland,580.0,,,,,,,,0.0,,,21.0,48,9,4,0,928.463,1,2.0,3.0,0.0,0.0,0.0,6.0,0.0,0.0,0.0,0.0,0.0,0.0,29.0,1.0,0.0,0.0,0.0,2.0,1.0,0.0,1.0,0.0,0.0,0.0,0.0,0.0,0.0,0.0,0.0,0.0,0.0,0.0
21,4,Karim Benzema,Real Madrid,France,239.0,,,,,,,,0.0,,,21.0,30,9,2,0,982.9010000000001,1,2.0,1.0,0.0,0.0,0.0,10.0,34.0,1.0,0.0,0.0,0.0,0.0,0.0,0.0,0.0,0.0,0.0,0.0,0.0,1.0,0.0,0.0,0.0,0.0,0.0,0.0,0.0,0.0,0.0,0.0,0.0,0.0
21,8,Kevin De Bruyne,Manchester City,Belgium,73.0,,,,,,,,0.0,,,21.0,10,18,3,0,1045.001,1,2.0,1.0,25.0,3.0,0.0,8.0,0.0,0.0,0.0,0.0,0.0,0.0,0.0,0.0,0.0,0.0,4.0,0.0,0.0,0.0,0.0,0.0,0.0,0.0,0.0,0.0,0.0,0.0,0.0,0.0,0.0,0.0
21,9,Kylian Mbappé,Paris Saint-Germain,France,58.0,,,,,,,,0.0,,,21.0,42,11,7,0,1335.387,1,2.0,1.0,0.0,0.0,0.0,10.0,0.0,0.0,0.0,0.0,0.0,0.0,0.0,0.0,0.0,0.0,0.0,0.0,0.0,0.0,0.0,0.0,31.0,5.0,0.0,1.0,0.0,0.0,0.0,0.0,0.0,0.0
21,11,Erling Haaland,Borussia Dortmund,Norway,33.0,,,,,,,,0.0,,,21.0,41,12,4,0,1130.41,1,2.0,1.0,0.0,0.0,0.0,8.0,0.0,0.0,0.0,0.0,0.0,0.0,28.0,4.0,0.0,0.0,0.0,0.0,0.0,0.0,1.0,0.0,0.0,0.0,0.0,0.0,0.0,0.0,0.0,0.0,0.0,0.0
21,16,Neymar,Paris Saint-Germain,Brazil,9.0,,,,,,,,0.0,,,21.0,17,11,10,1,908.3969999999999,1,2.0,1.0,0.0,0.0,0.0,9.0,0.0,0.0,0.0,0.0,0.0,0.0,0.0,0.0,0.0,0.0,0.0,0.0,0.0,0.0,0.0,0.0,18.0,3.0,0.0,1.0,0.0,0.0,0.0,0.0,0.0,0.0
21,19,Riyad Mahrez,Manchester City,Algeria,7.0,,,,,,,,0.0,,,21.0,14,9,0,0,1492.955,1,2.0,1.0,27.0,4.0,0.0,12.0,0.0,0.0,0.0,0.0,0.0,0.0,0.0,0.0,0.0,0.0,5.0,0.0,0.0,0.0,0.0,0.0,0.0,0.0,0.0,0.0,0.0,0.0,0.0,0.0,0.0,0.0
21,21,Lautaro Martínez,Inter Milan,Argentina,6.0,,,,,,,,0.0,,,21.0,19,11,6,0,682.576,1,1.0,1.0,0.0,0.0,0.0,6.0,0.0,0.0,0.0,0.0,0.0,0.0,0.0,0.0,0.0,0.0,0.0,0.0,0.0,0.0,0.0,0.0,0.0,0.0,0.0,0.0,0.0,38.0,4.0,0.0,0.0,0.0
21,23,Harry Kane,Tottenham Hotspur,England,4.0,,,,,,,,0.0,,,21.0,33,17,2,0,900.086,1,2.0,2.0,35.0,2.0,0.0,0.0,0.0,0.0,0.0,0.0,0.0,0.0,0.0,0.0,0.0,0.0,4.0,0.0,0.0,0.0,0.0,5.0,0.0,0.0,0.0,0.0,3.0,0.0,0.0,0.0,0.0,0.0
21,25,Phil Foden,Manchester City,England,2.0,,,,,,,,0.0,,,21.0,16,10,0,0,698.677,1,2.0,1.0,28.0,5.0,0.0,13.0,0.0,0.0,0.0,0.0,0.0,0.0,0.0,0.0,0.0,0.0,4.0,0.0,0.0,0.0,0.0,0.0,0.0,0.0,0.0,0.0,0.0,0.0,0.0,0.0,0.0,0.0
21,26,Nicolò Barella,Inter Milan,Italy,1.0,,,,,,,,0.0,,,21.0,3,13,7,0,839.9,1,1.0,1.0,0.0,0.0,0.0,6.0,0.0,0.0,0.0,0.0,0.0,0.0,0.0,0.0,0.0,0.0,0.0,0.0,0.0,0.0,0.0,0.0,0.0,0.0,0.0,0.0,0.0,36.0,4.0,0.0,0.0,0.0
21,26,Rúben Dias,Manchester City,Portugal,1.0,,,,,,,,0.0,,,21.0,1,0,6,0,1490.845,1,2.0,1.0,32.0,4.0,0.0,11.0,0.0,0.0,0.0,0.0,0.0,0.0,0.0,0.0,0.0,0.0,3.0,0.0,0.0,0.0,0.0,0.0,0.0,0.0,0.0,0.0,0.0,0.0,0.0,0.0,0.0,0.0
21,29,Luka Modrić,Real Madrid,Croatia,0.0,,,,,,,,0.0,,,21.0,6,6,4,0,980.744,1,1.0,1.0,0.0,0.0,0.0,12.0,35.0,0.0,0.0,0.0,0.0,0.0,0.0,0.0,0.0,0.0,0.0,0.0,0.0,1.0,0.0,0.0,0.0,0.0,0.0,0.0,0.0,0.0,0.0,0.0,0.0,0.0
22,1,Karim Benzema,Real Madrid,France,549.0,,,,,,,,0.0,,,22.0,44,15,1,0,213.709,1,1.0,1.0,0.0,0.0,0.0,12.0,32.0,0.0,0.0,0.0,0.0,0.0,0.0,0.0,0.0,0.0,0.0,0.0,0.0,2.0,0.0,0.0,0.0,0.0,0.0,0.0,0.0,0.0,0.0,0.0,0.0,0.0
22,3,Kevin De Bruyne,Manchester City,Belgium,175.0,,,,,,,,0.0,,,22.0,19,14,4,0,1134.2060000000001,1,2.0,1.0,30.0,3.0,0.0,10.0,0.0,0.0,0.0,0.0,0.0,0.0,0.0,0.0,0.0,0.0,2.0,0.0,0.0,0.0,0.0,0.0,0.0,0.0,0.0,0.0,0.0,0.0,0.0,0.0,0.0,0.0
22,4,Robert Lewandowski,Bayern Munich,Poland,170.0,,,,,,,,0.0,,,22.0,50,7,3,0,1056.952,1,2.0,1.0,0.0,0.0,0.0,10.0,0.0,0.0,0.0,0.0,0.0,0.0,34.0,1.0,0.0,0.0,0.0,0.0,0.0,0.0,1.0,0.0,0.0,0.0,0.0,0.0,0.0,0.0,0.0,0.0,0.0,0.0
22,6,Kylian Mbappé,Paris Saint-Germain,France,85.0,,,,,,,,0.0,,,22.0,39,26,11,0,880.0260000000001,1,1.0,1.0,0.0,0.0,0.0,8.0,0.0,0.0,0.0,0.0,0.0,0.0,0.0,0.0,0.0,0.0,0.0,0.0,0.0,0.0,0.0,0.0,35.0,3.0,0.0,0.0,0.0,0.0,0.0,0.0,0.0,0.0
22,8,Vinícius Júnior,Real Madrid,Brazil,61.0,,,,,,,,0.0,,,22.0,22,20,7,0,377.90000000000003,1,2.0,1.0,0.0,0.0,0.0,13.0,35.0,2.0,0.0,0.0,0.0,0.0,0.0,0.0,0.0,0.0,0.0,0.0,0.0,2.0,0.0,0.0,0.0,0.0,0.0,0.0,0.0,0.0,0.0,0.0,0.0,0.0
22,9,Luka Modrić,Real Madrid,Croatia,20.0,,,,,,,,0.0,,,22.0,3,12,7,0,314.12399999999997,1,2.0,1.0,0.0,0.0,0.0,13.0,28.0,2.0,0.0,0.0,0.0,0.0,0.0,0.0,0.0,0.0,0.0,0.0,0.0,2.0,0.0,0.0,0.0,0.0,0.0,0.0,0.0,0.0,0.0,0.0,0.0,0.0
22,10,Erling Haaland,Borussia Dortmund,Norway,18.0,,,,,,,,0.0,,,22.0,29,8,3,0,474.91499999999996,1,2.0,1.0,0.0,0.0,0.0,3.0,0.0,0.0,0.0,0.0,0.0,0.0,24.0,2.0,0.0,0.0,0.0,0.0,0.0,0.0,1.0,0.0,0.0,0.0,0.0,0.0,0.0,0.0,0.0,0.0,0.0,0.0
22,11,Son Heung-min,Tottenham Hotspur,South Korea,5.0,,,,,,,,0.0,,,22.0,24,10,3,0,507.022,1,2.0,2.0,35.0,2.0,0.0,0.0,0.0,0.0,0.0,0.0,0.0,0.0,0.0,0.0,0.0,0.0,4.0,0.0,0.0,0.0,0.0,0.0,0.0,0.0,0.0,0.0,0.0,0.0,0.0,3.0,1.0,0.0
22,12,Riyad Mahrez,Manchester City,Algeria,4.0,,,,,,,,0.0,,,22.0,24,9,1,0,1441.491,1,3.0,1.0,28.0,4.0,1.0,12.0,0.0,0.0,0.0,0.0,0.0,0.0,0.0,0.0,0.0,0.0,2.0,0.0,0.0,0.0,0.0,0.0,0.0,0.0,0.0,0.0,0.0,0.0,0.0,0.0,0.0,0.0
22,14,Rafael Leão,AC Milan,Portugal,2.0,,,,,,,,0.0,,,22.0,14,12,5,0,583.62,1,1.0,1.0,0.0,0.0,0.0,4.0,0.0,0.0,0.0,0.0,0.0,0.0,0.0,0.0,0.0,0.0,0.0,0.0,0.0,0.0,0.0,0.0,0.0,0.0,0.0,0.0,0.0,34.0,4.0,0.0,0.0,0.0
22,17,Casemiro,Real Madrid,Brazil,1.0,,,,,,,,0.0,,,22.0,1,4,16,0,1354.576,1,2.0,1.0,0.0,0.0,0.0,11.0,32.0,3.0,0.0,0.0,0.0,0.0,0.0,0.0,0.0,0.0,0.0,0.0,0.0,2.0,0.0,0.0,0.0,0.0,0.0,0.0,0.0,0.0,0.0,0.0,0.0,0.0
22,21,Harry Kane,Tottenham Hotspur,England,0.0,,,,,,,,0.0,,,22.0,27,10,5,0,1021.232,1,2.0,2.0,37.0,3.0,0.0,0.0,0.0,0.0,0.0,0.0,0.0,0.0,0.0,0.0,0.0,0.0,5.0,0.0,0.0,0.0,0.0,0.0,0.0,0.0,0.0,0.0,0.0,0.0,0.0,4.0,1.0,0.0
22,22,Bernardo Silva,Manchester City,Portugal,0.0,,,,,,,,0.0,,,22.0,13,7,6,0,1090.8600000000001,1,3.0,1.0,35.0,3.0,1.0,11.0,0.0,0.0,0.0,0.0,0.0,0.0,0.0,0.0,0.0,0.0,0.0,0.0,0.0,0.0,0.0,0.0,0.0,0.0,0.0,0.0,0.0,0.0,0.0,0.0,0.0,0.0
22,22,Phil Foden,Manchester City,England,0.0,,,,,,,,0.0,,,22.0,14,11,2,0,1052.134,1,2.0,1.0,28.0,4.0,0.0,11.0,0.0,0.0,0.0,0.0,0.0,0.0,0.0,0.0,0.0,0.0,2.0,0.0,0.0,0.0,0.0,0.0,0.0,0.0,0.0,0.0,0.0,0.0,0.0,0.0,0.0,0.0
22,25,Christopher Nkunku,RB Leipzig,France,0.0,,,,,,,,0.0,,,22.0,35,20,2,0,1542.731,1,1.0,2.0,0.0,0.0,0.0,6.0,0.0,0.0,0.0,0.0,0.0,0.0,34.0,6.0,0.0,0.0,0.0,0.0,0.0,0.0,0.0,6.0,0.0,0.0,0.0,0.0,0.0,0.0,0.0,0.0,0.0,0.0
22,25,Joshua Kimmich,Bayern Munich,Germany,0.0,,,,,,,,0.0,,,22.0,3,12,5,0,930.4780000000001,1,2.0,1.0,0.0,0.0,0.0,8.0,0.0,0.0,0.0,0.0,0.0,0.0,28.0,2.0,0.0,0.0,0.0,0.0,0.0,0.0,1.0,0.0,0.0,0.0,0.0,0.0,0.0,0.0,0.0,0.0,0.0,0.0
22,25,João Cancelo,Manchester City,Portugal,0.0,,,,,,,,0.0,,,22.0,3,10,10,0,1397.228,1,3.0,1.0,36.0,5.0,1.0,9.0,0.0,0.0,0.0,0.0,0.0,0.0,0.0,0.0,0.0,0.0,1.0,0.0,0.0,0.0,0.0,0.0,0.0,0.0,0.0,0.0,0.0,0.0,0.0,0.0,0.0,0.0
23,2,Erling Haaland,Manchester City,Norway,357.0,,,,,,,,0.0,,,23.0,52,9,6,0,1356.777,1,3.0,1.0,35.0,4.0,1.0,11.0,0.0,0.0,0.0,0.0,0.0,0.0,0.0,0.0,0.0,0.0,2.0,0.0,0.0,0.0,0.0,0.0,0.0,0.0,0.0,0.0,0.0,0.0,0.0,0.0,0.0,0.0
23,3,Kylian Mbappé,Paris Saint-Germain,France,270.0,,,,,,,,0.0,,,23.0,41,10,6,0,744.822,1,1.0,1.0,0.0,0.0,0.0,8.0,0.0,0.0,0.0,0.0,0.0,0.0,0.0,0.0,0.0,0.0,0.0,0.0,0.0,0.0,0.0,0.0,34.0,1.0,0.0,0.0,0.0,0.0,0.0,0.0,0.0,0.0
23,4,Kevin De Bruyne,Manchester City,Belgium,100.0,,,,,,,,0.0,,,23.0,10,31,2,0,1261.425,1,3.0,1.0,32.0,4.0,1.0,10.0,0.0,0.0,0.0,0.0,0.0,0.0,0.0,0.0,0.0,0.0,2.0,0.0,0.0,0.0,0.0,0.0,0.0,0.0,0.0,0.0,0.0,0.0,0.0,0.0,0.0,0.0
23,5,Rodri,Manchester City,Spain,57.0,,,,,,,,0.0,,,23.0,4,7,9,0,1558.92,1,3.0,1.0,36.0,4.0,1.0,12.0,0.0,0.0,0.0,0.0,0.0,0.0,0.0,0.0,0.0,0.0,3.0,0.0,0.0,0.0,0.0,0.0,0.0,0.0,0.0,0.0,0.0,0.0,0.0,0.0,0.0,0.0
23,6,Vinícius Júnior,Real Madrid,Brazil,49.0,,,,,,,,0.0,,,23.0,23,21,16,1,1928.833,1,2.0,3.0,0.0,0.0,0.0,12.0,33.0,5.0,0.0,0.0,0.0,0.0,0.0,0.0,0.0,0.0,0.0,2.0,1.0,2.0,0.0,0.0,0.0,0.0,0.0,0.0,0.0,0.0,0.0,0.0,0.0,0.0
23,7,Julián Álvarez,Manchester City,Argentina,28.0,,,,,,,,0.0,,,23.0,17,5,1,0,1073.452,1,3.0,1.0,31.0,5.0,1.0,10.0,0.0,0.0,0.0,0.0,0.0,0.0,0.0,0.0,0.0,0.0,2.0,0.0,0.0,0.0,0.0,0.0,0.0,0.0,0.0,0.0,0.0,0.0,0.0,0.0,0.0,0.0
23,9,Bernardo Silva,Manchester City,Portugal,20.0,,,,,,,,0.0,,,23.0,7,8,9,0,1401.202,1,3.0,1.0,34.0,5.0,1.0,13.0,0.0,0.0,0.0,0.0,0.0,0.0,0.0,0.0,0.0,0.0,2.0,0.0,0.0,0.0,0.0,0.0,0.0,0.0,0.0,0.0,0.0,0.0,0.0,0.0,0.0,0.0
23,10,Luka Modrić,Real Madrid,Croatia,19.0,,,,,,,,0.0,,,23.0,6,6,7,0,1420.743,1,2.0,3.0,0.0,0.0,0.0,10.0,33.0,4.0,0.0,0.0,0.0,0.0,0.0,0.0,0.0,0.0,0.0,2.0,1.0,2.0,0.0,0.0,0.0,0.0,0.0,0.0,0.0,0.0,0.0,0.0,0.0,0.0
23,19,Harry Kane,Tottenham Hotspur,England,4.0,,,,,,,,0.0,,,23.0,32,5,7,0,897.408,1,2.0,1.0,38.0,2.0,0.0,8.0,0.0,0.0,0.0,0.0,0.0,0.0,0.0,0.0,0.0,0.0,1.0,0.0,0.0,0.0,0.0,0.0,0.0,0.0,0.0,0.0,0.0,0.0,0.0,0.0,0.0,0.0
23,20,Lautaro Martínez,Inter Milan,Argentina,4.0,,,,,,,,0.0,,,23.0,28,11,8,0,545.5749999999999,1,2.0,1.0,0.0,0.0,0.0,13.0,0.0,0.0,0.0,0.0,0.0,0.0,0.0,0.0,0.0,0.0,0.0,0.0,0.0,0.0,0.0,0.0,0.0,0.0,0.0,0.0,0.0,38.0,5.0,0.0,0.0,1.0
23,25,Joško Gvardiol,RB Leipzig,Croatia,1.0,,,,,,,,0.0,,,23.0,3,0,2,1,836.168,1,1.0,1.0,0.0,0.0,0.0,6.0,0.0,0.0,0.0,0.0,0.0,0.0,30.0,5.0,0.0,0.0,0.0,0.0,0.0,0.0,0.0,0.0,0.0,0.0,0.0,0.0,0.0,0.0,0.0,0.0,0.0,0.0
23,26,Jamal Musiala,Bayern Munich,Germany,0.0,,,,,,,,0.0,,,23.0,16,16,2,0,817.2090000000001,1,2.0,1.0,0.0,0.0,0.0,9.0,0.0,0.0,0.0,0.0,0.0,0.0,33.0,4.0,0.0,0.0,0.0,0.0,0.0,0.0,1.0,0.0,0.0,0.0,0.0,0.0,0.0,0.0,0.0,0.0,0.0,0.0
23,27,Nicolò Barella,Inter Milan,Italy,0.0,,,,,,,,0.0,,,23.0,9,10,10,0,1408.623,1,2.0,1.0,0.0,0.0,0.0,12.0,0.0,0.0,0.0,0.0,0.0,0.0,0.0,0.0,0.0,0.0,0.0,0.0,0.0,0.0,0.0,0.0,0.0,0.0,0.0,0.0,0.0,35.0,4.0,0.0,0.0,1.0
23,28,Randal Kolo Muani,Eintracht Frankfurt,France,0.0,,,,,,,,0.0,,,23.0,23,17,6,1,989.646,1,1.0,2.0,0.0,0.0,0.0,7.0,0.0,0.0,0.0,0.0,0.0,0.0,32.0,6.0,0.0,0.0,0.0,0.0,1.0,0.0,0.0,0.0,0.0,0.0,0.0,0.0,0.0,0.0,0.0,0.0,0.0,0.0
23,30,Rúben Dias,Manchester City,Portugal,0.0,,,,,,,,0.0,,,23.0,1,0,6,0,426.043,1,3.0,1.0,26.0,3.0,1.0,12.0,0.0,0.0,0.0,0.0,0.0,0.0,0.0,0.0,0.0,0.0,1.0,0.0,0.0,0.0,0.0,0.0,0.0,0.0,0.0,0.0,0.0,0.0,0.0,0.0,0.0,0.0
